State,County,ZIP,Average of Latitude,Average of Longitude,EVs on the Road,EVs per 1k People,EVs per Level 2 Port,Current Population
New Jersey,Middlesex County,7001,40.58,-74.27,316,18.46,316,"17,121"
New Jersey,Hudson County,7002,40.66,-74.11,"1,250",17.47,625,"71,553"
New Jersey,Essex County,7003,40.81,-74.18,"1,112",20.68,79.43,"53,771"
New Jersey,Essex County,7004,40.88,-74.3,383,48.95,22.53,"7,824"
New Jersey,Morris County,7005,40.9,-74.4,604,39.46,,"15,307"
New Jersey,Essex County,7006,40.85,-74.28,955,35.83,119.38,"26,654"
New Jersey,Essex County,7007,40.83,-74.27,3,0,,
New Jersey,Middlesex County,7008,40.58,-74.22,459,17.98,,"25,526"
New Jersey,Essex County,7009,40.85,-74.22,596,44.03,85.14,"13,535"
New Jersey,Bergen County,7010,40.82,-73.99,795,30.84,,"25,781"
New Jersey,Passaic County,7011,40.88,-74.14,569,14.75,,"38,587"
New Jersey,Passaic County,7012,40.85,-74.16,408,27.84,68,"14,653"
New Jersey,Passaic County,7013,40.86,-74.15,745,24.18,149,"30,811"
New Jersey,Passaic County,7014,40.83,-74.14,176,35.38,,"4,975"
New Jersey,Passaic County,7015,40.86,-74.15,6,0,,
New Jersey,Union County,7016,40.65,-74.3,728,30.24,242.67,"24,074"
New Jersey,Essex County,7017,40.77,-74.21,286,6.99,,"40,910"
New Jersey,Essex County,7018,40.76,-74.21,250,8.64,62.5,"28,924"
New Jersey,Essex County,7019,40.76,-74.21,6,0,,
New Jersey,Bergen County,7020,40.82,-73.97,860,58.27,29.66,"14,759"
New Jersey,Essex County,7021,40.82,-74.28,142,60.14,,"2,361"
New Jersey,Bergen County,7022,40.81,-74,221,14.64,11.05,"15,099"
New Jersey,Union County,7023,40.64,-74.38,273,35,16.06,"7,799"
New Jersey,Bergen County,7024,40.85,-73.97,"1,948",48.67,97.4,"40,024"
New Jersey,Bergen County,7026,40.87,-74.1,487,14.86,243.5,"32,783"
New Jersey,Union County,7027,40.65,-74.32,108,22.11,,"4,885"
New Jersey,Essex County,7028,40.8,-74.2,476,59.34,238,"8,022"
New Jersey,Hudson County,7029,40.74,-74.15,517,22.61,86.17,"22,866"
New Jersey,Hudson County,7030,40.75,-74.03,987,16.82,23.5,"58,668"
New Jersey,Bergen County,7031,40.79,-74.12,287,17.44,,"16,461"
New Jersey,Hudson County,7032,40.75,-74.11,601,14.8,22.26,"40,614"
New Jersey,Union County,7033,40.67,-74.28,188,22.38,31.33,"8,401"
New Jersey,Morris County,7034,40.88,-74.38,300,27.23,,"11,018"
New Jersey,Morris County,7035,40.92,-74.3,297,26.71,49.5,"11,120"
New Jersey,Union County,7036,40.62,-74.23,627,13.73,313.5,"45,671"
New Jersey,Essex County,7039,40.78,-74.32,"2,898",92.04,99.93,"31,488"
New Jersey,Essex County,7040,40.73,-74.27,"1,206",47.09,67,"25,613"
New Jersey,Essex County,7041,40.72,-74.3,544,72.23,272,"7,532"
New Jersey,Essex County,7042,40.82,-74.21,"1,154",42.23,60.74,"27,326"
New Jersey,Essex County,7043,40.84,-74.2,928,70.01,232,"13,256"
New Jersey,Essex County,7044,40.83,-74.24,534,36.71,44.5,"14,545"
New Jersey,Morris County,7045,40.9,-74.36,694,65.71,231.33,"10,561"
New Jersey,Morris County,7046,40.89,-74.44,420,91.6,,"4,585"
New Jersey,Hudson County,7047,40.79,-74.03,"1,012",16.52,72.29,"61,250"
New Jersey,Essex County,7050,40.76,-74.23,254,7.43,25.4,"34,181"
New Jersey,Essex County,7051,40.76,-74.23,2,0,,
New Jersey,Essex County,7052,40.79,-74.26,"1,782",36.65,81,"48,620"
New Jersey,Morris County,7054,40.85,-74.4,"1,588",53.87,12.91,"29,480"
New Jersey,Passaic County,7055,40.85,-74.12,503,7.19,26.47,"70,002"
New Jersey,Bergen County,7057,40.85,-74.1,213,17.92,,"11,889"
New Jersey,Morris County,7058,40.86,-74.34,343,57.69,85.75,"5,946"
New Jersey,Somerset County,7059,40.63,-74.51,"1,441",85.72,480.33,"16,811"
New Jersey,Union County,7060,40.62,-74.42,500,10.34,125,"48,363"
New Jersey,Union County,7061,40.63,-74.4,23,0,,
New Jersey,Union County,7062,40.63,-74.4,192,12.47,,"15,399"
New Jersey,Union County,7063,40.61,-74.44,144,10.12,,"14,235"
New Jersey,Middlesex County,7064,40.57,-74.25,72,20.68,,"3,481"
New Jersey,Union County,7065,40.6,-74.28,490,16.27,13.24,"30,109"
New Jersey,Union County,7066,40.62,-74.31,396,25.35,99,"15,622"
New Jersey,Middlesex County,7067,40.59,-74.31,643,34.59,,"18,587"
New Jersey,Essex County,7068,40.82,-74.3,313,49.94,8.46,"6,268"
New Jersey,Somerset County,7069,40.64,-74.44,505,76.25,505,"6,623"
New Jersey,Bergen County,7070,40.81,-74.1,679,35.94,84.88,"18,894"
New Jersey,Bergen County,7071,40.8,-74.11,512,22.79,64,"22,463"
New Jersey,Bergen County,7072,40.82,-74.06,168,26.34,,"6,378"
New Jersey,Bergen County,7073,40.81,-74.08,251,24.34,13.94,"10,313"
New Jersey,Bergen County,7074,40.84,-74.05,90,28.79,45,"3,126"
New Jersey,Bergen County,7075,40.85,-74.08,489,47.86,61.13,"10,218"
New Jersey,Union County,7076,40.63,-74.37,"1,118",45,111.8,"24,843"
New Jersey,Middlesex County,7077,40.55,-74.26,53,16.32,,"3,248"
New Jersey,Essex County,7078,40.74,-74.33,"1,758",120.3,351.6,"14,613"
New Jersey,Essex County,7079,40.74,-74.26,967,52.16,241.75,"18,539"
New Jersey,Middlesex County,7080,40.57,-74.41,792,32.44,158.4,"24,411"
New Jersey,Union County,7081,40.69,-74.32,647,37.68,38.06,"17,171"
New Jersey,Morris County,7082,40.93,-74.34,332,58.01,30.18,"5,723"
New Jersey,Union County,7083,40.69,-74.26,"1,297",22.3,64.85,"58,170"
New Jersey,Hudson County,7086,40.77,-74.02,587,33.94,587,"17,295"
New Jersey,Hudson County,7087,40.77,-74.03,592,8.91,148,"66,463"
New Jersey,Union County,7088,40.72,-74.29,63,21.72,,"2,901"
New Jersey,Union County,7090,40.65,-74.34,"1,713",55.06,428.25,"31,111"
New Jersey,Union County,7091,40.65,-74.34,1,0,,
New Jersey,Union County,7092,40.68,-74.36,376,53.34,188,"7,049"
New Jersey,Hudson County,7093,40.79,-74.01,940,14.74,37.6,"63,758"
New Jersey,Hudson County,7094,40.78,-74.06,"1,010",46.38,77.69,"21,778"
New Jersey,Middlesex County,7095,40.55,-74.28,558,26.88,31,"20,756"
New Jersey,Hudson County,7096,40.78,-74.06,2,0,,
New Jersey,Hudson County,7097,40.71,-74.06,,,,
New Jersey,Hudson County,7099,40.75,-74.11,,,,
New Jersey,Essex County,7101,40.72,-74.17,377,0,,
New Jersey,Essex County,7102,40.74,-74.17,162,13.11,5.23,"12,358"
New Jersey,Essex County,7103,40.74,-74.2,187,5.01,15.58,"37,293"
New Jersey,Essex County,7104,40.77,-74.17,331,6.33,82.75,"52,266"
New Jersey,Essex County,7105,40.72,-74.14,437,7.65,437,"57,093"
New Jersey,Essex County,7106,40.74,-74.23,163,4.48,,"36,383"
New Jersey,Essex County,7107,40.76,-74.19,173,4,,"43,293"
New Jersey,Essex County,7108,40.72,-74.2,139,4.83,,"28,790"
New Jersey,Essex County,7109,40.79,-74.16,573,15.09,573,"37,984"
New Jersey,Essex County,7110,40.81,-74.15,782,26.08,195.5,"29,980"
New Jersey,Essex County,7111,40.72,-74.23,249,4.09,41.5,"60,867"
New Jersey,Essex County,7112,40.71,-74.21,181,6.14,,"29,456"
New Jersey,Essex County,7114,40.72,-74.17,555,40.6,10.88,"13,670"
New Jersey,Essex County,7175,40.72,-74.17,,,,
New Jersey,Essex County,7182,40.73,-74.17,,,,
New Jersey,Essex County,7184,40.72,-74.17,,,,
New Jersey,Essex County,7188,40.72,-74.17,,,,
New Jersey,Essex County,7189,40.72,-74.17,,,,
New Jersey,Essex County,7191,40.72,-74.17,,,,
New Jersey,Essex County,7192,40.72,-74.17,,,,
New Jersey,Essex County,7193,40.72,-74.17,,,,
New Jersey,Essex County,7194,40.73,-74.17,,,,
New Jersey,Essex County,7195,40.72,-74.17,,,,
New Jersey,Essex County,7198,40.72,-74.17,,,,
New Jersey,Essex County,7199,40.72,-74.17,,,,
New Jersey,Union County,7201,40.67,-74.18,241,8.47,34.43,"28,467"
New Jersey,Union County,7202,40.65,-74.22,325,7.23,,"44,968"
New Jersey,Union County,7203,40.65,-74.26,298,13.16,149,"22,646"
New Jersey,Union County,7204,40.67,-74.27,293,20.79,146.5,"14,093"
New Jersey,Union County,7205,40.69,-74.23,325,14.54,46.43,"22,349"
New Jersey,Union County,7206,40.66,-74.19,262,8.21,,"31,930"
New Jersey,Union County,7207,40.66,-74.19,12,0,,
New Jersey,Union County,7208,40.67,-74.23,361,11.3,24.07,"31,937"
New Jersey,Hudson County,7302,40.72,-74.05,"1,663",29.58,50.39,"56,220"
New Jersey,Hudson County,7303,40.71,-74.06,7,0,,
New Jersey,Hudson County,7304,40.71,-74.06,600,11.69,85.71,"51,306"
New Jersey,Hudson County,7305,40.7,-74.08,878,12.17,39.91,"72,161"
New Jersey,Hudson County,7306,40.73,-74.07,861,15.94,39.14,"54,017"
New Jersey,Hudson County,7307,40.75,-74.06,738,17.31,123,"42,645"
New Jersey,Hudson County,7308,40.71,-74.06,1,0,,
New Jersey,Hudson County,7309,40.71,-74.03,,,,
New Jersey,Hudson County,7310,40.73,-74.04,494,30.85,26,"16,015"
New Jersey,Hudson County,7311,40.72,-74.03,66,38.51,5.5,"1,714"
New Jersey,Hudson County,7395,40.72,-74.08,,,,
New Jersey,Hudson County,7399,40.71,-74.06,,,,
New Jersey,Bergen County,7401,41.03,-74.13,386,56.23,,"6,865"
New Jersey,Passaic County,7403,41.02,-74.33,162,21.08,,"7,685"
New Jersey,Morris County,7405,40.99,-74.34,721,40.09,144.2,"17,983"
New Jersey,Bergen County,7407,40.9,-74.11,428,19.99,,"21,412"
New Jersey,Bergen County,7410,40.93,-74.11,"1,369",38.44,273.8,"35,610"
New Jersey,Sussex County,7416,41.11,-74.58,69,11.79,,"5,851"
New Jersey,Bergen County,7417,41,-74.2,833,74.96,416.5,"11,112"
New Jersey,Sussex County,7418,41.24,-74.48,42,16.41,,"2,559"
New Jersey,Sussex County,7419,41.14,-74.57,202,20.84,202,"9,693"
New Jersey,Passaic County,7420,41.02,-74.3,99,18.62,,"5,316"
New Jersey,Passaic County,7421,41.16,-74.35,126,18.06,31.5,"6,977"
New Jersey,Sussex County,7422,41.17,-74.44,95,17.99,,"5,280"
New Jersey,Bergen County,7423,41,-74.1,273,63.93,,"4,270"
New Jersey,Passaic County,7424,40.87,-74.21,739,26.31,82.11,"28,085"
New Jersey,Sussex County,7428,41.2,-74.55,2,0,,
New Jersey,Bergen County,7430,41.08,-74.18,"1,153",45.23,14.97,"25,491"
New Jersey,Bergen County,7432,40.99,-74.14,138,19.66,,"7,019"
New Jersey,Passaic County,7435,41.07,-74.42,62,22.94,,"2,703"
New Jersey,Bergen County,7436,41.03,-74.24,448,35.16,22.4,"12,740"
New Jersey,Morris County,7438,41.04,-74.48,205,18.37,,"11,160"
New Jersey,Sussex County,7439,41.07,-74.59,30,13.89,,"2,160"
New Jersey,Morris County,7440,40.94,-74.29,97,20.77,,"4,670"
New Jersey,Passaic County,7442,41,-74.28,283,25.62,,"11,047"
New Jersey,Morris County,7444,40.96,-74.3,248,22.61,24.8,"10,971"
New Jersey,Bergen County,7446,41.05,-74.14,550,37.15,23.91,"14,805"
New Jersey,Bergen County,7450,40.98,-74.11,"1,685",64.05,62.41,"26,308"
New Jersey,Bergen County,7451,40.98,-74.11,3,0,,
New Jersey,Bergen County,7452,40.96,-74.13,716,58.91,119.33,"12,154"
New Jersey,Passaic County,7456,41.11,-74.27,337,28.91,,"11,657"
New Jersey,Morris County,7457,40.99,-74.3,97,23.59,97,"4,112"
New Jersey,Bergen County,7458,41.02,-74.09,"1,181",99.85,,"11,828"
New Jersey,Sussex County,7460,41.1,-74.53,36,11.32,,"3,181"
New Jersey,Sussex County,7461,41.2,-74.6,286,15.27,57.2,"18,731"
New Jersey,Sussex County,7462,41.18,-74.51,98,13.62,,"7,195"
New Jersey,Bergen County,7463,41.01,-74.12,284,27.94,,"10,164"
New Jersey,Passaic County,7465,41.04,-74.29,126,21.28,,"5,921"
New Jersey,Passaic County,7470,40.94,-74.24,"2,217",40.97,47.17,"54,112"
New Jersey,Passaic County,7474,40.94,-74.24,10,0,,
New Jersey,Passaic County,7477,40.92,-74.27,,,,
New Jersey,Passaic County,7480,41.1,-74.39,271,18.11,,"14,966"
New Jersey,Bergen County,7481,40.99,-74.16,837,49.09,,"17,050"
New Jersey,Bergen County,7495,41.1,-74.16,3,0,,0
New Jersey,Passaic County,7501,40.91,-74.16,163,4.59,,"35,481"
New Jersey,Passaic County,7502,40.92,-74.19,167,9.73,,"17,158"
New Jersey,Passaic County,7503,40.9,-74.15,164,8.56,,"19,170"
New Jersey,Passaic County,7504,40.91,-74.14,79,6.02,,"13,123"
New Jersey,Passaic County,7505,40.92,-74.17,57,12.15,,"4,691"
New Jersey,Passaic County,7506,40.95,-74.15,415,21.14,69.17,"19,628"
New Jersey,Passaic County,7507,40.95,-74.15,3,0,,
New Jersey,Passaic County,7508,40.96,-74.18,492,20.71,,"23,762"
New Jersey,Passaic County,7509,40.91,-74.16,3,0,,
New Jersey,Passaic County,7510,40.91,-74.16,,,,
New Jersey,Passaic County,7511,40.9,-74.22,31,0,,
New Jersey,Passaic County,7512,40.9,-74.22,363,33.12,45.38,"10,959"
New Jersey,Passaic County,7513,40.91,-74.15,75,6.48,,"11,576"
New Jersey,Passaic County,7514,40.92,-74.14,106,5.13,,"20,647"
New Jersey,Passaic County,7522,40.92,-74.18,86,3.73,,"23,040"
New Jersey,Passaic County,7524,40.93,-74.16,62,4.49,15.5,"13,808"
New Jersey,Passaic County,7533,40.91,-74.16,1,0,,
New Jersey,Passaic County,7538,40.93,-74.18,1,0,,
New Jersey,Passaic County,7543,40.91,-74.16,,,,
New Jersey,Passaic County,7544,40.91,-74.16,1,0,,
New Jersey,Bergen County,7601,40.88,-74.04,"1,134",24.62,12.46,"46,057"
New Jersey,Bergen County,7602,40.88,-74.04,3,0,,
New Jersey,Bergen County,7603,40.87,-74.03,242,25.85,40.33,"9,360"
New Jersey,Bergen County,7604,40.86,-74.07,359,29.63,,"12,115"
New Jersey,Bergen County,7605,40.86,-73.99,465,49.58,232.5,"9,379"
New Jersey,Bergen County,7606,40.86,-74.04,49,17.69,24.5,"2,770"
New Jersey,Bergen County,7607,40.9,-74.06,298,29.53,,"10,093"
New Jersey,Bergen County,7608,40.85,-74.06,4,29.41,,136
New Jersey,Bergen County,7620,40.95,-73.92,242,152.39,,"1,588"
New Jersey,Bergen County,7621,40.92,-73.99,875,30.76,218.75,"28,450"
New Jersey,Bergen County,7624,40.97,-73.96,781,90.75,,"8,606"
New Jersey,Bergen County,7626,40.94,-73.96,745,81.21,,"9,174"
New Jersey,Bergen County,7627,40.95,-73.95,549,111.79,91.5,"4,911"
New Jersey,Bergen County,7628,40.94,-73.99,471,25.77,117.75,"18,279"
New Jersey,Bergen County,7630,40.97,-74.02,251,34.36,,"7,305"
New Jersey,Bergen County,7631,40.89,-73.97,"1,204",40.62,54.73,"29,638"
New Jersey,Bergen County,7632,40.88,-73.94,608,113.39,152,"5,362"
New Jersey,Bergen County,7640,40.98,-73.98,332,67.02,,"4,954"
New Jersey,Bergen County,7641,40.96,-73.99,295,87.72,,"3,363"
New Jersey,Bergen County,7642,41,-74.04,358,35.29,179,"10,144"
New Jersey,Bergen County,7643,40.84,-74.04,305,27.74,61,"10,996"
New Jersey,Bergen County,7644,40.88,-74.08,428,16.41,214,"26,082"
New Jersey,Bergen County,7645,41.05,-74.04,533,59.88,11.59,"8,901"
New Jersey,Bergen County,7646,40.93,-74.02,545,32.07,,"16,995"
New Jersey,Bergen County,7647,41,-73.95,237,44.82,19.75,"5,288"
New Jersey,Bergen County,7648,40.99,-73.95,376,65.69,94,"5,724"
New Jersey,Bergen County,7649,40.95,-74.03,415,50.39,207.5,"8,235"
New Jersey,Bergen County,7650,40.84,-73.99,921,45.39,115.13,"20,290"
New Jersey,Bergen County,7652,40.94,-74.07,"1,696",63.84,30.29,"26,568"
New Jersey,Bergen County,7653,40.94,-74.07,3,0,,
New Jersey,Bergen County,7656,41.03,-74.04,318,33.81,45.43,"9,406"
New Jersey,Bergen County,7657,40.83,-74.01,383,33.31,191.5,"11,498"
New Jersey,Bergen County,7660,40.85,-74.02,296,22.36,,"13,235"
New Jersey,Bergen County,7661,40.92,-74.04,607,50.2,,"12,091"
New Jersey,Bergen County,7662,40.91,-74.08,156,26.58,39,"5,869"
New Jersey,Bergen County,7663,40.9,-74.09,372,25.8,23.25,"14,419"
New Jersey,Bergen County,7666,40.88,-74.01,"1,548",36.97,110.57,"41,876"
New Jersey,Bergen County,7670,40.91,-73.95,"1,469",95.89,734.5,"15,319"
New Jersey,Bergen County,7675,41,-74,"1,357",49.62,41.12,"27,349"
New Jersey,Bergen County,7676,40.98,-74.06,325,34.86,,"9,323"
New Jersey,Bergen County,7677,41.02,-74.05,"1,507",244.96,376.75,"6,152"
New Jersey,Bergen County,7699,40.85,-74.06,,,,
New Jersey,Monmouth County,7701,40.36,-74.08,584,23.96,29.2,"24,376"
New Jersey,Monmouth County,7702,40.32,-74.05,153,36.61,76.5,"4,179"
New Jersey,Monmouth County,7703,40.32,-74.04,1,0,,0
New Jersey,Monmouth County,7704,40.36,-74.03,311,50.41,,"6,170"
New Jersey,Monmouth County,7709,40.23,-74,,,,
New Jersey,Monmouth County,7710,40.21,-74.25,3,0,,
New Jersey,Monmouth County,7711,40.24,-74.01,160,97.5,,"1,641"
New Jersey,Monmouth County,7712,40.22,-74.01,"1,096",27.27,42.15,"40,194"
New Jersey,Monmouth County,7715,40.17,-74.02,,,,
New Jersey,Monmouth County,7716,40.4,-74.03,288,32.39,36,"8,893"
New Jersey,Monmouth County,7717,40.19,-74.01,49,24.14,,"2,030"
New Jersey,Monmouth County,7718,40.42,-74.09,96,14.42,,"6,658"
New Jersey,Monmouth County,7719,40.17,-74.02,586,26.47,25.48,"22,138"
New Jersey,Monmouth County,7720,40.2,-74.01,111,26.7,,"4,158"
New Jersey,Monmouth County,7721,40.44,-74.23,149,34.84,,"4,277"
New Jersey,Monmouth County,7722,40.28,-74.16,628,62.86,,"9,990"
New Jersey,Monmouth County,7723,40.25,-74,286,323.53,,884
New Jersey,Monmouth County,7724,40.29,-74.05,728,30.31,48.53,"24,016"
New Jersey,Monmouth County,7726,40.29,-74.36,"2,197",49.08,366.17,"44,764"
New Jersey,Monmouth County,7727,40.19,-74.17,307,39.42,153.5,"7,787"
New Jersey,Monmouth County,7728,40.25,-74.27,"1,714",30.62,122.43,"55,984"
New Jersey,Monmouth County,7730,40.42,-74.17,319,18.19,,"17,534"
New Jersey,Monmouth County,7731,40.14,-74.19,886,21.97,55.38,"40,322"
New Jersey,Monmouth County,7732,40.4,-73.99,134,29.6,11.17,"4,527"
New Jersey,Monmouth County,7733,40.37,-74.17,"1,156",67.34,165.14,"17,166"
New Jersey,Monmouth County,7734,40.44,-74.13,154,11.91,,"12,925"
New Jersey,Monmouth County,7735,40.43,-74.2,368,19.21,61.33,"19,159"
New Jersey,Monmouth County,7737,40.41,-74.06,67,16.98,,"3,945"
New Jersey,Monmouth County,7738,40.34,-74.12,279,40.21,23.25,"6,939"
New Jersey,Monmouth County,7739,40.33,-74.03,271,44.39,,"6,105"
New Jersey,Monmouth County,7740,40.29,-73.98,885,26.89,73.75,"32,917"
New Jersey,Monmouth County,7746,40.31,-74.25,"1,284",69.5,,"18,476"
New Jersey,Monmouth County,7747,40.41,-74.23,912,28.21,114,"32,330"
New Jersey,Monmouth County,7748,40.39,-74.11,782,27.31,,"28,633"
New Jersey,Monmouth County,7750,40.33,-73.98,157,48.96,,"3,207"
New Jersey,Monmouth County,7751,40.36,-74.25,"1,506",71.34,376.5,"21,109"
New Jersey,Monmouth County,7752,40.39,-74.11,4,0,,
New Jersey,Monmouth County,7753,40.21,-74.08,678,18.18,61.64,"37,297"
New Jersey,Monmouth County,7754,40.21,-74.08,3,0,,
New Jersey,Monmouth County,7755,40.26,-74.02,581,103.51,145.25,"5,613"
New Jersey,Monmouth County,7756,40.21,-74.01,70,22.64,,"3,092"
New Jersey,Monmouth County,7757,40.31,-74.02,225,36.32,,"6,195"
New Jersey,Monmouth County,7758,40.43,-74.1,107,26.25,,"4,076"
New Jersey,Monmouth County,7760,40.36,-74,620,63.97,,"9,692"
New Jersey,Monmouth County,7762,40.15,-74.02,234,28.32,,"8,262"
New Jersey,Monmouth County,7763,40.29,-74.36,2,0,,
New Jersey,Monmouth County,7764,40.29,-74.01,513,59.75,,"8,586"
New Jersey,Monmouth County,7765,40.35,-74.26,,,,
New Jersey,Monmouth County,7799,40.29,-74.05,1,0,,
New Jersey,Morris County,7801,40.88,-74.55,301,11.1,301,"27,128"
New Jersey,Morris County,7802,40.88,-74.55,2,0,,
New Jersey,Morris County,7803,40.87,-74.6,57,14.08,,"4,048"
New Jersey,Morris County,7806,40.93,-74.54,,,,
New Jersey,Warren County,7820,40.93,-74.81,,,,0
New Jersey,Sussex County,7821,40.98,-74.74,228,23.6,,"9,662"
New Jersey,Sussex County,7822,41.14,-74.71,25,30.23,,827
New Jersey,Warren County,7823,40.82,-75.07,62,8.32,,"7,451"
New Jersey,Warren County,7825,40.98,-74.96,161,17.48,,"9,210"
New Jersey,Sussex County,7826,41.14,-74.74,72,12.07,,"5,967"
New Jersey,Sussex County,7827,41.29,-74.74,48,11.68,,"4,109"
New Jersey,Morris County,7828,40.87,-74.73,414,26.78,69,"15,461"
New Jersey,Warren County,7829,40.82,-75.04,,,,
New Jersey,Hunterdon County,7830,40.72,-74.79,252,34.15,,"7,379"
New Jersey,Warren County,7831,40.74,-74.95,1,27.78,,36
New Jersey,Warren County,7832,40.95,-75.06,42,11.69,,"3,593"
New Jersey,Warren County,7833,40.89,-75.07,1,14.29,,70
New Jersey,Morris County,7834,40.89,-74.48,748,40.69,149.6,"18,385"
New Jersey,Morris County,7836,40.84,-74.7,367,31.38,,"11,694"
New Jersey,Sussex County,7837,40.98,-74.63,1,0,,
New Jersey,Warren County,7838,40.89,-74.91,52,13.95,,"3,727"
New Jersey,Sussex County,7839,40.97,-74.81,1,0,,
New Jersey,Warren County,7840,40.85,-74.82,707,22.02,44.19,"32,105"
New Jersey,Morris County,7842,40.94,-74.5,1,17.86,,56
New Jersey,Sussex County,7843,40.95,-74.65,214,19.28,107,"11,098"
New Jersey,Warren County,7844,40.91,-74.97,6,54.05,,111
New Jersey,Morris County,7845,40.85,-74.57,1,0,,
New Jersey,Warren County,7846,40.97,-74.88,,,,45
New Jersey,Morris County,7847,40.88,-74.62,50,28.15,,"1,776"
New Jersey,Sussex County,7848,41.09,-74.68,68,15.97,34,"4,257"
New Jersey,Morris County,7849,40.96,-74.61,240,28.64,60,"8,380"
New Jersey,Morris County,7850,40.9,-74.66,124,18.16,31,"6,828"
New Jersey,Sussex County,7851,41.2,-74.86,2,7.6,,263
New Jersey,Morris County,7852,40.88,-74.66,135,31.89,,"4,233"
New Jersey,Morris County,7853,40.78,-74.76,399,32.34,,"12,339"
New Jersey,Sussex County,7855,41.06,-74.89,1,0,,
New Jersey,Morris County,7856,40.91,-74.64,111,23.25,55.5,"4,774"
New Jersey,Morris County,7857,40.9,-74.7,52,13.95,26,"3,728"
New Jersey,Sussex County,7860,41.05,-74.75,412,15.82,17.91,"26,047"
New Jersey,Warren County,7863,40.81,-74.99,40,10.47,,"3,819"
New Jersey,Warren County,7865,40.79,-74.91,69,24.42,,"2,825"
New Jersey,Morris County,7866,40.95,-74.49,667,29.43,133.4,"22,663"
New Jersey,Morris County,7869,40.84,-74.58,"1,078",41.43,179.67,"26,022"
New Jersey,Morris County,7870,40.8,-74.82,1,29.41,,34
New Jersey,Sussex County,7871,41.04,-74.62,774,36.11,193.5,"21,437"
New Jersey,Sussex County,7874,40.91,-74.7,144,16.45,144,"8,752"
New Jersey,Sussex County,7875,41.05,-74.86,3,0,,
New Jersey,Morris County,7876,40.85,-74.65,194,20.12,,"9,641"
New Jersey,Sussex County,7877,41.09,-74.84,1,0,,
New Jersey,Morris County,7878,40.87,-74.48,29,37.86,,766
New Jersey,Sussex County,7879,40.95,-74.8,2,0,,
New Jersey,Warren County,7880,40.88,-74.88,2,11.56,,173
New Jersey,Sussex County,7881,41.12,-74.93,,,,4
New Jersey,Warren County,7882,40.75,-74.98,245,16.21,122.5,"15,115"
New Jersey,Morris County,7885,40.89,-74.58,289,24.48,72.25,"11,806"
New Jersey,Sussex County,7890,41.14,-74.74,,,,
New Jersey,Union County,7901,40.71,-74.36,"1,334",54.87,58,"24,314"
New Jersey,Union County,7902,40.71,-74.36,4,0,,
New Jersey,Somerset County,7920,40.67,-74.56,"1,943",67.58,55.51,"28,753"
New Jersey,Somerset County,7921,40.65,-74.67,277,35.97,27.7,"7,700"
New Jersey,Union County,7922,40.67,-74.42,716,58.71,37.68,"12,195"
New Jersey,Somerset County,7924,40.73,-74.59,407,52.77,203.5,"7,713"
New Jersey,Morris County,7926,40.8,-74.57,23,142.86,,161
New Jersey,Morris County,7927,40.82,-74.45,151,30.93,37.75,"4,882"
New Jersey,Morris County,7928,40.74,-74.38,"1,201",60.13,600.5,"19,974"
New Jersey,Morris County,7930,40.78,-74.69,443,51.23,,"8,648"
New Jersey,Somerset County,7931,40.69,-74.62,240,80.4,,"2,985"
New Jersey,Morris County,7932,40.77,-74.39,596,49.76,31.37,"11,977"
New Jersey,Morris County,7933,40.7,-74.47,140,46.74,,"2,995"
New Jersey,Somerset County,7934,40.72,-74.67,73,56.46,,"1,293"
New Jersey,Morris County,7935,40.74,-74.45,34,58.22,,584
New Jersey,Morris County,7936,40.81,-74.36,613,54.97,102.17,"11,152"
New Jersey,Somerset County,7938,40.68,-74.56,4,0,,
New Jersey,Somerset County,7939,40.67,-74.55,1,3.11,,322
New Jersey,Morris County,7940,40.75,-74.41,748,42.48,17.4,"17,610"
New Jersey,Morris County,7945,40.76,-74.59,555,57.28,,"9,690"
New Jersey,Morris County,7946,40.66,-74.51,140,46.95,,"2,982"
New Jersey,Morris County,7950,40.83,-74.48,997,46.05,47.48,"21,651"
New Jersey,Morris County,7960,40.79,-74.47,"1,918",41.07,54.8,"46,702"
New Jersey,Morris County,7961,40.78,-74.44,3,9.01,,333
New Jersey,Morris County,7962,40.79,-74.47,13,0,,
New Jersey,Morris County,7963,40.79,-74.47,1,0,,
New Jersey,Morris County,7970,40.81,-74.57,2,9.3,,215
New Jersey,Union County,7974,40.7,-74.4,618,46.3,19.31,"13,349"
New Jersey,Morris County,7976,40.73,-74.48,90,231.36,,389
New Jersey,Somerset County,7977,40.71,-74.65,48,52.34,,917
New Jersey,Somerset County,7978,40.66,-74.68,1,0,,
New Jersey,Hunterdon County,7979,40.7,-74.72,18,84.11,9,214
New Jersey,Morris County,7980,40.68,-74.49,77,28.79,,"2,675"
New Jersey,Morris County,7981,40.82,-74.41,397,43.96,39.7,"9,030"
New Jersey,Morris County,7983,40.82,-74.41,,,,
New Jersey,Morris County,7999,40.82,-74.41,,,,
New Jersey,Salem County,8001,39.56,-75.34,11,12.88,,854
New Jersey,Camden County,8002,39.93,-75.03,"1,458",60.71,76.74,"24,015"
New Jersey,Camden County,8003,39.88,-74.97,"1,534",48.23,383.5,"31,809"
New Jersey,Camden County,8004,39.76,-74.85,134,11.72,67,"11,429"
New Jersey,Ocean County,8005,39.75,-74.22,462,17.2,,"26,866"
New Jersey,Ocean County,8006,39.75,-74.11,28,56,,500
New Jersey,Camden County,8007,39.87,-75.05,77,14.21,,"5,417"
New Jersey,Ocean County,8008,39.54,-74.3,288,42.12,22.15,"6,837"
New Jersey,Camden County,8009,39.79,-74.93,286,19.94,,"14,346"
New Jersey,Burlington County,8010,40.06,-74.92,139,11.72,11.58,"11,861"
New Jersey,Burlington County,8011,39.98,-74.71,,,,56
New Jersey,Camden County,8012,39.79,-75.06,555,13.27,26.43,"41,812"
New Jersey,Gloucester County,8014,39.8,-75.34,11,36.91,,298
New Jersey,Burlington County,8015,39.95,-74.55,157,8.02,,"19,567"
New Jersey,Burlington County,8016,40.07,-74.85,693,19.85,21,"34,920"
New Jersey,Camden County,8018,39.72,-74.9,2,0,,
New Jersey,Burlington County,8019,39.78,-74.53,12,13.23,,907
New Jersey,Gloucester County,8020,39.8,-75.22,80,32.26,,"2,480"
New Jersey,Camden County,8021,39.8,-74.98,436,8.84,,"49,305"
New Jersey,Burlington County,8022,40.06,-74.68,312,34.02,,"9,172"
New Jersey,Salem County,8023,39.69,-75.5,1,2.67,,375
New Jersey,Gloucester County,8025,39.71,-75.23,1,0,,
New Jersey,Camden County,8026,39.83,-74.96,48,19.71,,"2,435"
New Jersey,Gloucester County,8027,39.82,-75.27,39,7.83,,"4,984"
New Jersey,Gloucester County,8028,39.7,-75.11,323,12.87,7.69,"25,098"
New Jersey,Camden County,8029,39.84,-75.06,76,13.92,38,"5,459"
New Jersey,Camden County,8030,39.89,-75.11,92,6.96,,"13,217"
New Jersey,Camden County,8031,39.86,-75.09,131,11.16,43.67,"11,737"
New Jersey,Gloucester County,8032,39.78,-75.06,5,20.66,,242
New Jersey,Camden County,8033,39.89,-75.03,771,43.4,,"17,763"
New Jersey,Camden County,8034,39.9,-74.99,514,24.59,85.67,"20,901"
New Jersey,Camden County,8035,39.88,-75.07,178,23.57,,"7,551"
New Jersey,Burlington County,8036,39.98,-74.82,202,33.31,11.22,"6,065"
New Jersey,Atlantic County,8037,39.65,-74.77,308,13.1,154,"23,514"
New Jersey,Salem County,8038,39.47,-75.45,1,2.85,0.07,351
New Jersey,Gloucester County,8039,39.69,-75.28,,,,38
New Jersey,Burlington County,8041,40.03,-74.68,16,24.62,,650
New Jersey,Burlington County,8042,40.02,-74.66,1,7.63,,131
New Jersey,Camden County,8043,39.84,-74.95,"1,263",40.49,63.15,"31,191"
New Jersey,Camden County,8045,39.87,-75.03,48,15,,"3,200"
New Jersey,Burlington County,8046,40.02,-74.88,413,12.91,103.25,"31,981"
New Jersey,Burlington County,8048,39.96,-74.8,329,25.54,82.25,"12,882"
New Jersey,Camden County,8049,39.85,-75.03,53,10.03,,"5,282"
New Jersey,Ocean County,8050,39.69,-74.25,561,20,80.14,"28,053"
New Jersey,Gloucester County,8051,39.79,-75.18,129,10.34,64.5,"12,474"
New Jersey,Burlington County,8052,39.95,-74.99,271,13.46,135.5,"20,127"
New Jersey,Burlington County,8053,39.9,-74.92,"1,368",28.39,152,"48,179"
New Jersey,Burlington County,8054,39.94,-74.9,"1,584",34.42,121.85,"46,026"
New Jersey,Burlington County,8055,39.86,-74.82,"1,033",35.49,258.25,"29,109"
New Jersey,Gloucester County,8056,39.78,-75.25,178,32.76,,"5,434"
New Jersey,Burlington County,8057,39.97,-74.94,"1,224",56.85,,"21,529"
New Jersey,Camden County,8059,39.88,-75.09,65,11.2,,"5,805"
New Jersey,Burlington County,8060,39.99,-74.78,565,21.87,51.36,"25,835"
New Jersey,Gloucester County,8061,39.8,-75.21,99,21.96,,"4,508"
New Jersey,Gloucester County,8062,39.73,-75.22,562,31.34,93.67,"17,935"
New Jersey,Gloucester County,8063,39.86,-75.18,32,10.49,,"3,051"
New Jersey,Burlington County,8064,39.94,-74.62,5,294.12,,17
New Jersey,Burlington County,8065,40,-75.03,84,11.22,,"7,485"
New Jersey,Gloucester County,8066,39.83,-75.24,51,6.57,,"7,760"
New Jersey,Salem County,8067,39.73,-75.4,42,24.55,42,"1,711"
New Jersey,Burlington County,8068,39.97,-74.68,78,11.79,,"6,613"
New Jersey,Salem County,8069,39.72,-75.46,97,7.23,48.5,"13,413"
New Jersey,Salem County,8070,39.65,-75.51,105,8.39,52.5,"12,511"
New Jersey,Gloucester County,8071,39.73,-75.13,154,16.28,15.4,"9,461"
New Jersey,Salem County,8072,39.54,-75.41,1,6.1,,164
New Jersey,Burlington County,8073,40.01,-74.87,3,150,,20
New Jersey,Gloucester County,8074,39.72,-75.16,1,6.25,,160
New Jersey,Burlington County,8075,40.03,-74.95,435,14.21,108.75,"30,615"
New Jersey,Burlington County,8076,40.01,-75.01,,,,
New Jersey,Burlington County,8077,40.01,-75.01,430,20.86,71.67,"20,613"
New Jersey,Camden County,8078,39.85,-75.07,72,8.94,36,"8,051"
New Jersey,Salem County,8079,39.56,-75.47,67,6.23,33.5,"10,762"
New Jersey,Gloucester County,8080,39.75,-75.09,876,22.96,54.75,"38,159"
New Jersey,Camden County,8081,39.73,-74.98,958,19.06,159.67,"50,264"
New Jersey,Camden County,8083,39.84,-75.02,146,15.2,,"9,606"
New Jersey,Camden County,8084,39.83,-75.02,74,10.54,37,"7,018"
New Jersey,Gloucester County,8085,39.74,-75.31,634,28.38,317,"22,340"
New Jersey,Gloucester County,8086,39.85,-75.18,134,14.89,,"9,001"
New Jersey,Ocean County,8087,39.59,-74.32,356,14.05,59.33,"25,342"
New Jersey,Burlington County,8088,39.8,-74.62,414,17.1,103.5,"24,215"
New Jersey,Camden County,8089,39.71,-74.81,40,9.45,,"4,231"
New Jersey,Gloucester County,8090,39.79,-75.14,150,15.28,,"9,815"
New Jersey,Camden County,8091,39.81,-74.92,110,18.45,,"5,963"
New Jersey,Ocean County,8092,39.65,-74.28,64,20.52,12.8,"3,119"
New Jersey,Gloucester County,8093,39.86,-75.13,95,10.07,,"9,438"
New Jersey,Gloucester County,8094,39.68,-74.98,694,16.68,,"41,595"
New Jersey,Camden County,8095,39.65,-74.86,1,0,,0
New Jersey,Gloucester County,8096,39.83,-75.15,519,14.69,47.18,"35,336"
New Jersey,Gloucester County,8097,39.81,-75.15,47,15.35,,"3,062"
New Jersey,Salem County,8098,39.65,-75.32,118,12.19,59,"9,680"
New Jersey,Camden County,8099,39.86,-75.09,9,0,,
New Jersey,Camden County,8101,39.93,-75.1,12,0,,
New Jersey,Camden County,8102,39.95,-75.12,60,7.24,15,"8,292"
New Jersey,Camden County,8103,39.94,-75.11,78,6.2,,"12,573"
New Jersey,Camden County,8104,39.92,-75.11,44,1.99,22,"22,148"
New Jersey,Camden County,8105,39.95,-75.09,94,3.55,,"26,483"
New Jersey,Camden County,8106,39.89,-75.07,153,15.72,,"9,731"
New Jersey,Camden County,8107,39.9,-75.08,208,15.32,,"13,574"
New Jersey,Camden County,8108,39.91,-75.07,494,26.48,123.5,"18,654"
New Jersey,Camden County,8109,39.95,-75.05,348,14.49,58,"24,022"
New Jersey,Camden County,8110,39.97,-75.06,226,11.8,56.5,"19,158"
New Jersey,Atlantic County,8201,39.42,-74.49,127,12.2,31.75,"10,412"
New Jersey,Cape May County,8202,39.09,-74.73,74,45.91,24.67,"1,612"
New Jersey,Atlantic County,8203,39.41,-74.36,145,18.89,36.25,"7,674"
New Jersey,Cape May County,8204,38.94,-74.9,218,13.15,7.52,"16,573"
New Jersey,Atlantic County,8205,39.48,-74.47,437,15.13,28.19,"28,877"
New Jersey,Cape May County,8210,39.07,-74.82,247,14.41,,"17,143"
New Jersey,Cape May County,8212,38.93,-74.96,11,79.71,,138
New Jersey,Atlantic County,8213,39.51,-74.56,2,0,,
New Jersey,Cape May County,8214,39.22,-74.85,5,0,,
New Jersey,Atlantic County,8215,39.56,-74.59,162,11.96,27,"13,545"
New Jersey,Atlantic County,8217,39.58,-74.72,,,,44
New Jersey,Cape May County,8218,39.11,-74.86,,,,
New Jersey,Cape May County,8219,39.04,-74.91,1,0,,
New Jersey,Atlantic County,8220,39.49,-74.43,1,0,,
New Jersey,Atlantic County,8221,39.34,-74.57,237,33.9,,"6,992"
New Jersey,Cape May County,8223,39.26,-74.66,76,18.77,,"4,048"
New Jersey,Burlington County,8224,39.6,-74.47,2,8.97,,223
New Jersey,Atlantic County,8225,39.37,-74.55,166,19.63,,"8,456"
New Jersey,Cape May County,8226,39.26,-74.6,273,24.24,68.25,"11,261"
New Jersey,Cape May County,8230,39.2,-74.71,85,14.91,,"5,700"
New Jersey,Atlantic County,8231,39.48,-74.47,1,0,,
New Jersey,Atlantic County,8232,39.39,-74.51,114,5.73,,"19,887"
New Jersey,Atlantic County,8234,39.41,-74.58,970,20.49,107.78,"47,339"
New Jersey,Atlantic County,8240,39.49,-74.53,3,1.13,,"2,648"
New Jersey,Atlantic County,8241,39.53,-74.48,34,31.6,,"1,076"
New Jersey,Cape May County,8242,39.02,-74.87,31,7.49,,"4,141"
New Jersey,Cape May County,8243,39.15,-74.69,57,28.5,,"2,000"
New Jersey,Atlantic County,8244,39.31,-74.6,126,11.82,,"10,659"
New Jersey,Cape May County,8245,39.18,-74.82,1,43.48,,23
New Jersey,Cape May County,8246,39.18,-74.77,3,52.63,,57
New Jersey,Cape May County,8247,39.04,-74.76,28,29.02,,965
New Jersey,Cape May County,8248,39.19,-74.66,7,26.32,,266
New Jersey,Cape May County,8250,39.28,-74.78,,,,
New Jersey,Cape May County,8251,39.01,-74.93,81,7.71,,"10,503"
New Jersey,Cape May County,8252,39.04,-74.86,,,,
New Jersey,Cape May County,8260,38.98,-74.82,195,15.05,11.47,"12,959"
New Jersey,Cape May County,8270,39.22,-74.8,67,8.01,16.75,"8,362"
New Jersey,Cumberland County,8302,39.42,-75.22,230,4.86,,"47,279"
New Jersey,Atlantic County,8310,39.53,-74.9,16,16.53,,968
New Jersey,Cumberland County,8311,39.32,-75.2,7,4.01,,"1,746"
New Jersey,Gloucester County,8312,39.65,-75.08,95,11.1,47.5,"8,556"
New Jersey,Cumberland County,8313,39.49,-75.21,,,,
New Jersey,Cumberland County,8314,39.22,-74.94,3,6.61,,454
New Jersey,Cumberland County,8315,39.22,-75.13,1,0,,
New Jersey,Cumberland County,8316,39.27,-74.95,4,29.2,,137
New Jersey,Atlantic County,8317,39.4,-74.82,6,4.82,,"1,246"
New Jersey,Salem County,8318,39.59,-75.17,115,9.61,57.5,"11,961"
New Jersey,Atlantic County,8319,39.37,-74.81,18,14.94,,"1,205"
New Jersey,Cumberland County,8320,39.39,-75.16,2,1.96,,"1,021"
New Jersey,Cumberland County,8321,39.22,-75.13,2,15.04,,133
New Jersey,Gloucester County,8322,39.61,-75.02,136,13.33,,"10,202"
New Jersey,Cumberland County,8323,39.39,-75.36,12,16.42,,731
New Jersey,Cumberland County,8324,39.24,-74.99,3,14.29,,210
New Jersey,Atlantic County,8326,39.52,-74.93,8,5.57,,"1,435"
New Jersey,Cumberland County,8327,39.25,-74.96,1,0.29,,"3,408"
New Jersey,Gloucester County,8328,39.57,-75.06,15,10.16,,"1,476"
New Jersey,Cumberland County,8329,39.29,-75.01,6,37.74,,159
New Jersey,Atlantic County,8330,39.45,-74.72,490,16.35,122.5,"29,972"
New Jersey,Cumberland County,8332,39.39,-75.05,253,7.18,,"35,228"
New Jersey,Atlantic County,8340,39.44,-74.86,7,9.66,,725
New Jersey,Atlantic County,8341,39.52,-74.96,12,5.71,,"2,101"
New Jersey,Atlantic County,8342,39.46,-74.72,,,,
New Jersey,Gloucester County,8343,39.64,-75.16,70,14.8,,"4,729"
New Jersey,Gloucester County,8344,39.54,-75.01,75,13.48,,"5,564"
New Jersey,Cumberland County,8345,39.28,-75.16,1,1.21,,825
New Jersey,Atlantic County,8346,39.56,-74.85,7,24.73,,283
New Jersey,Salem County,8347,39.54,-75.13,,,,
New Jersey,Cumberland County,8348,39.31,-74.97,2,12.99,,154
New Jersey,Cumberland County,8349,39.24,-75.04,7,2.87,,"2,441"
New Jersey,Atlantic County,8350,39.49,-74.88,7,10.95,,639
New Jersey,Cumberland County,8352,39.48,-75.13,7,62.5,,112
New Jersey,Cumberland County,8353,39.46,-75.29,2,8.77,,228
New Jersey,Cumberland County,8360,39.5,-75.01,300,6.66,,"45,038"
New Jersey,Cumberland County,8361,39.46,-74.99,274,15.05,,"18,206"
New Jersey,Cumberland County,8362,39.46,-74.99,4,0,,
New Jersey,Atlantic County,8401,39.36,-74.42,190,4.88,3.39,"38,925"
New Jersey,Atlantic County,8402,39.33,-74.5,242,46.24,,"5,234"
New Jersey,Atlantic County,8403,39.32,-74.54,54,51.63,,"1,046"
New Jersey,Atlantic County,8404,39.36,-74.42,3,0,,
New Jersey,Atlantic County,8405,39.36,-74.42,,,,
New Jersey,Atlantic County,8406,39.34,-74.48,187,20.84,93.5,"8,972"
New Jersey,Monmouth County,8501,40.17,-74.58,213,33.47,,"6,364"
New Jersey,Somerset County,8502,40.46,-74.64,"1,118",94.35,,"11,849"
New Jersey,Somerset County,8504,40.4,-74.7,5,0,,
New Jersey,Burlington County,8505,40.14,-74.7,488,25.49,244,"19,142"
New Jersey,Monmouth County,8510,40.19,-74.42,225,41.77,112.5,"5,386"
New Jersey,Burlington County,8511,40.04,-74.55,7,7.17,,976
New Jersey,Mercer County,8512,40.31,-74.51,785,60.72,,"12,928"
New Jersey,Monmouth County,8514,40.14,-74.49,169,34.37,,"4,917"
New Jersey,Burlington County,8515,40.15,-74.66,459,54.82,,"8,373"
New Jersey,Burlington County,8518,40.11,-74.8,142,21.82,,"6,508"
New Jersey,Mercer County,8520,40.26,-74.52,"1,090",36.94,121.11,"29,504"
New Jersey,Mercer County,8525,40.38,-74.76,279,61.7,139.5,"4,522"
New Jersey,Monmouth County,8526,40.16,-74.49,2,0,,
New Jersey,Ocean County,8527,40.1,-74.35,"1,702",28.85,212.75,"58,991"
New Jersey,Somerset County,8528,40.39,-74.62,13,40.5,4.33,321
New Jersey,Hunterdon County,8530,40.36,-74.94,262,32.27,131,"8,119"
New Jersey,Ocean County,8533,40.06,-74.53,125,16.53,,"7,563"
New Jersey,Mercer County,8534,40.32,-74.79,910,68.57,36.4,"13,272"
New Jersey,Monmouth County,8535,40.21,-74.44,278,55.61,,"4,999"
New Jersey,Middlesex County,8536,40.33,-74.58,"1,366",65.62,28.46,"20,817"
New Jersey,Mercer County,8540,40.35,-74.65,"4,262",84.58,44.4,"50,388"
New Jersey,Mercer County,8541,40.35,-74.65,,,,
New Jersey,Mercer County,8542,40.35,-74.66,148,58.43,18.5,"2,533"
New Jersey,Mercer County,8543,40.35,-74.65,22,0,,
New Jersey,Mercer County,8544,40.35,-74.66,6,1.37,,"4,392"
New Jersey,Mercer County,8550,40.28,-74.61,"1,968",93.42,492,"21,067"
New Jersey,Hunterdon County,8551,40.44,-74.82,215,36.61,,"5,873"
New Jersey,Somerset County,8553,40.4,-74.63,35,42.74,,819
New Jersey,Burlington County,8554,40.12,-74.78,37,10.49,,"3,527"
New Jersey,Monmouth County,8555,40.22,-74.47,31,31.12,,996
New Jersey,Hunterdon County,8556,40.42,-74.99,4,0,,
New Jersey,Hunterdon County,8557,40.45,-74.94,4,0,,
New Jersey,Somerset County,8558,40.41,-74.7,828,108.26,63.69,"7,648"
New Jersey,Hunterdon County,8559,40.4,-74.97,161,33.29,32.2,"4,836"
New Jersey,Mercer County,8560,40.31,-74.86,273,84.13,,"3,245"
New Jersey,Mercer County,8561,40.25,-74.58,15,46.15,,325
New Jersey,Burlington County,8562,40.06,-74.59,73,17.38,,"4,201"
New Jersey,Mercer County,8601,40.22,-74.76,2,0,,
New Jersey,Mercer County,8602,40.22,-74.76,9,0,,
New Jersey,Mercer County,8603,40.22,-74.76,1,0,,
New Jersey,Mercer County,8604,40.22,-74.76,,,,
New Jersey,Mercer County,8605,40.22,-74.76,,,,
New Jersey,Mercer County,8606,40.22,-74.76,1,0,,
New Jersey,Mercer County,8607,40.22,-74.76,1,0,,
New Jersey,Mercer County,8608,40.22,-74.76,11,8.8,,"1,250"
New Jersey,Mercer County,8609,40.23,-74.74,39,2.45,5.57,"15,938"
New Jersey,Mercer County,8610,40.19,-74.72,280,8.37,,"33,465"
New Jersey,Mercer County,8611,40.18,-74.74,84,2.63,14,"31,995"
New Jersey,Mercer County,8618,40.25,-74.79,251,7.04,125.5,"35,634"
New Jersey,Mercer County,8619,40.24,-74.7,473,19.64,47.3,"24,089"
New Jersey,Mercer County,8620,40.17,-74.65,233,20.05,,"11,621"
New Jersey,Mercer County,8625,40.22,-74.76,419,0,,
New Jersey,Mercer County,8628,40.26,-74.83,265,26.96,18.93,"9,831"
New Jersey,Mercer County,8629,40.22,-74.73,48,3.69,,"13,013"
New Jersey,Mercer County,8638,40.25,-74.76,238,10.43,59.5,"22,816"
New Jersey,Burlington County,8640,40,-74.59,33,4.13,,"7,984"
New Jersey,Burlington County,8641,40.02,-74.59,77,17.5,,"4,400"
New Jersey,Mercer County,8644,40.22,-74.76,,,,
New Jersey,Mercer County,8645,40.22,-74.76,,,,
New Jersey,Mercer County,8646,40.22,-74.76,,,,
New Jersey,Mercer County,8647,40.22,-74.76,,,,
New Jersey,Mercer County,8648,40.28,-74.72,"1,248",39.84,73.41,"31,323"
New Jersey,Mercer County,8650,40.22,-74.76,2,0,,
New Jersey,Mercer County,8666,40.22,-74.76,1,0,,
New Jersey,Mercer County,8690,40.22,-74.66,416,22.08,37.82,"18,841"
New Jersey,Mercer County,8691,40.21,-74.59,"1,045",62.93,74.64,"16,607"
New Jersey,Mercer County,8695,40.22,-74.76,,,,
New Jersey,Ocean County,8701,40.09,-74.21,"3,735",26.84,133.39,"139,149"
New Jersey,Monmouth County,8720,40.13,-74.09,41,55.78,,735
New Jersey,Ocean County,8721,39.91,-74.21,425,18.65,,"22,783"
New Jersey,Ocean County,8722,39.92,-74.2,178,16.05,,"11,088"
New Jersey,Ocean County,8723,40.04,-74.11,573,17.83,191,"32,141"
New Jersey,Ocean County,8724,40.06,-74.11,650,15.35,162.5,"42,345"
New Jersey,Monmouth County,8730,40.1,-74.06,165,33.29,,"4,956"
New Jersey,Ocean County,8731,39.84,-74.19,382,17.66,54.57,"21,629"
New Jersey,Ocean County,8732,39.94,-74.14,46,29.53,,"1,558"
New Jersey,Ocean County,8733,40.01,-74.32,27,9.59,13.5,"2,816"
New Jersey,Ocean County,8734,39.86,-74.16,122,15.48,,"7,879"
New Jersey,Ocean County,8735,39.98,-74.07,109,31.59,,"3,451"
New Jersey,Monmouth County,8736,40.11,-74.03,363,27.45,,"13,223"
New Jersey,Ocean County,8738,40.02,-74.06,68,49.24,,"1,381"
New Jersey,Ocean County,8739,40,-74.06,6,0,,
New Jersey,Ocean County,8740,39.93,-74.13,26,16.26,,"1,599"
New Jersey,Ocean County,8741,39.93,-74.17,67,24.73,,"2,709"
New Jersey,Ocean County,8742,40.09,-74.04,547,21.26,78.14,"25,732"
New Jersey,Monmouth County,8750,40.12,-74.03,148,42.49,,"3,483"
New Jersey,Ocean County,8751,39.94,-74.07,66,15.77,5.5,"4,185"
New Jersey,Ocean County,8752,39.79,-74.09,51,21.81,,"2,338"
New Jersey,Ocean County,8753,39.95,-74.18,"1,240",18.95,51.67,"65,448"
New Jersey,Ocean County,8754,39.95,-74.18,20,0,,
New Jersey,Ocean County,8755,40.01,-74.22,"1,107",37.31,34.59,"29,670"
New Jersey,Ocean County,8756,39.95,-74.18,1,0,,
New Jersey,Ocean County,8757,39.94,-74.25,437,12.11,,"36,087"
New Jersey,Ocean County,8758,39.78,-74.19,137,17.41,22.83,"7,868"
New Jersey,Ocean County,8759,39.93,-74.39,436,12.73,218,"34,237"
New Jersey,Hunterdon County,8801,40.62,-74.89,252,34.68,,"7,267"
New Jersey,Hunterdon County,8802,40.67,-75.02,111,24.38,,"4,552"
New Jersey,Hunterdon County,8803,40.49,-75,1,0,,
New Jersey,Hunterdon County,8804,40.65,-75.08,52,15.01,,"3,465"
New Jersey,Somerset County,8805,40.56,-74.53,226,16.07,15.07,"14,066"
New Jersey,Somerset County,8807,40.59,-74.62,"1,910",48.28,106.11,"39,560"
New Jersey,Warren County,8808,40.73,-75.05,2,17.09,,117
New Jersey,Hunterdon County,8809,40.63,-74.91,187,27.9,15.58,"6,703"
New Jersey,Middlesex County,8810,40.38,-74.51,634,79.73,105.67,"7,952"
New Jersey,Middlesex County,8812,40.6,-74.48,533,37.47,,"14,224"
New Jersey,Middlesex County,8816,40.42,-74.41,"2,703",54.76,56.31,"49,360"
New Jersey,Middlesex County,8817,40.51,-74.39,"1,553",31.68,44.37,"49,020"
New Jersey,Middlesex County,8818,40.52,-74.36,14,0,,
New Jersey,Middlesex County,8820,40.58,-74.37,"3,360",84.05,336,"39,978"
New Jersey,Somerset County,8821,40.52,-74.69,9,31.8,,283
New Jersey,Hunterdon County,8822,40.5,-74.86,"1,133",34.8,188.83,"32,556"
New Jersey,Somerset County,8823,40.44,-74.54,435,48.96,18.13,"8,884"
New Jersey,Middlesex County,8824,40.42,-74.55,991,74.14,,"13,366"
New Jersey,Hunterdon County,8825,40.52,-75.05,109,23.02,,"4,735"
New Jersey,Hunterdon County,8826,40.69,-74.94,121,22.17,,"5,459"
New Jersey,Hunterdon County,8827,40.7,-74.96,130,29.91,,"4,346"
New Jersey,Middlesex County,8828,40.38,-74.42,47,19.11,,"2,459"
New Jersey,Hunterdon County,8829,40.66,-74.89,86,24.02,,"3,580"
New Jersey,Middlesex County,8830,40.57,-74.31,854,43.68,31.63,"19,551"
New Jersey,Middlesex County,8831,40.34,-74.44,"3,974",71.4,331.17,"55,658"
New Jersey,Middlesex County,8832,40.51,-74.31,28,12.43,2.33,"2,252"
New Jersey,Hunterdon County,8833,40.64,-74.83,398,43.34,99.5,"9,184"
New Jersey,Hunterdon County,8834,40.6,-75.05,,,,
New Jersey,Somerset County,8835,40.54,-74.58,133,12.18,,"10,921"
New Jersey,Somerset County,8836,40.6,-74.56,224,58.11,,"3,855"
New Jersey,Middlesex County,8837,40.52,-74.36,649,33.39,108.17,"19,437"
New Jersey,Middlesex County,8840,40.54,-74.36,729,40.04,66.27,"18,206"
New Jersey,Somerset County,8844,40.47,-74.62,"2,320",52.18,136.47,"44,463"
New Jersey,Middlesex County,8846,40.57,-74.5,271,18.5,135.5,"14,645"
New Jersey,Hunterdon County,8848,40.56,-75.09,157,19.3,,"8,134"
New Jersey,Middlesex County,8850,40.45,-74.43,261,30.57,,"8,538"
New Jersey,Middlesex County,8852,40.38,-74.54,"1,557",86.2,119.77,"18,062"
New Jersey,Somerset County,8853,40.53,-74.74,211,37.45,,"5,634"
New Jersey,Middlesex County,8854,40.51,-74.45,"2,300",37.65,71.88,"61,088"
New Jersey,Middlesex County,8855,40.51,-74.45,4,0,,
New Jersey,Middlesex County,8857,40.39,-74.33,"1,539",37.64,109.93,"40,891"
New Jersey,Hunterdon County,8858,40.68,-74.74,28,1400,,20
New Jersey,Middlesex County,8859,40.46,-74.3,621,24.4,,"25,448"
New Jersey,Middlesex County,8861,40.52,-74.27,412,6.94,,"59,351"
New Jersey,Middlesex County,8862,40.52,-74.27,3,0,,
New Jersey,Middlesex County,8863,40.54,-74.31,308,24.12,,"12,771"
New Jersey,Warren County,8865,40.68,-75.18,308,9.8,,"31,427"
New Jersey,Hunterdon County,8867,40.57,-74.96,209,40.16,,"5,204"
New Jersey,Hunterdon County,8868,40.55,-74.94,,,,
New Jersey,Somerset County,8869,40.57,-74.64,229,27.37,12.05,"8,368"
New Jersey,Hunterdon County,8870,40.57,-74.73,,,,
New Jersey,Middlesex County,8871,40.46,-74.32,,,,
New Jersey,Middlesex County,8872,40.44,-74.36,525,25.98,,"20,204"
New Jersey,Somerset County,8873,40.49,-74.48,"2,209",39.22,61.36,"56,327"
New Jersey,Somerset County,8875,40.49,-74.48,3,0,,
New Jersey,Somerset County,8876,40.57,-74.61,777,33.23,29.88,"23,380"
New Jersey,Middlesex County,8879,40.47,-74.29,511,21.69,85.17,"23,556"
New Jersey,Somerset County,8880,40.55,-74.52,117,24.04,,"4,867"
New Jersey,Middlesex County,8882,40.44,-74.37,276,17.12,138,"16,124"
New Jersey,Middlesex County,8884,40.39,-74.39,170,20.76,,"8,187"
New Jersey,Hunterdon County,8885,40.58,-74.81,2,0,,
New Jersey,Warren County,8886,40.69,-75.1,162,25.17,7.36,"6,435"
New Jersey,Hunterdon County,8887,40.52,-74.8,18,13.04,,"1,380"
New Jersey,Hunterdon County,8888,40.62,-74.76,2,0,,
New Jersey,Hunterdon County,8889,40.6,-74.76,361,35.42,,"10,193"
New Jersey,Somerset County,8890,40.54,-74.58,1,58.82,,17
New Jersey,Middlesex County,8899,40.52,-74.36,,,,
New Jersey,Middlesex County,8901,40.48,-74.44,411,7.18,8.39,"57,263"
New Jersey,Middlesex County,8902,40.45,-74.48,"1,577",35.9,68.57,"43,932"
New Jersey,Middlesex County,8903,40.48,-74.44,2,0,,
New Jersey,Middlesex County,8904,40.5,-74.42,473,31.28,236.5,"15,121"
New Jersey,Middlesex County,8905,40.48,-74.44,,,,
New Jersey,Middlesex County,8906,40.48,-74.44,3,0,,
New Jersey,Middlesex County,8922,40.48,-74.45,,,,
New Jersey,Middlesex County,8933,40.48,-74.44,2,0,,
New Jersey,Middlesex County,8988,40.45,-74.48,,,,
New Jersey,Middlesex County,8989,40.48,-74.44,,,,
