ZIP,Total Population,ALAND_SQMI,popdensity
   NA,9343809,NA,NA
07001,17121,3.733,4586.3916421109025
07002,71553,5.823,12287.995878413189
07003,53771,5.319,10109.231058469637
07004,7824,10.126,772.6644282046218
07005,15307,18.309,836.0369217324812
07006,26654,9.343,2852.830996467944
07008,25526,4.397,5805.321810325221
07009,13535,4.249,3185.4554012708877
07010,25781,0.956,26967.573221757324
07011,38587,3.113,12395.438483777707
07012,14653,2.193,6681.71454628363
07013,30811,4.428,6958.220415537488
07014,4975,1.435,3466.8989547038327
07016,24074,4.745,5073.551106427819
07017,40910,2.262,18085.76480990274
07018,28924,1.662,17403.128760529482
07020,14759,0.971,15199.794026776519
07021,2361,1.408,1676.846590909091
07022,15099,0.844,17889.810426540284
07023,7799,1.34,5820.149253731343
07024,40024,2.513,15926.780740151215
07026,32783,2.111,15529.606821411651
07027,4885,0.65,7515.384615384615
07028,8022,1.309,6128.342245989305
07029,22866,1.314,17401.826484018264
07030,58668,1.249,46971.97758206565
07031,16461,2.484,6626.811594202899
07032,40614,8.844,4592.265943012212
07033,8401,2.147,3912.9017233348864
07034,11018,1.27,8675.590551181102
07035,11120,6.658,1670.1712225893662
07036,45671,10.869,4201.950501426074
07039,31488,13.772,2286.3781585826314
07040,25613,3.874,6611.5126484254
07041,7532,1.342,5612.518628912071
07042,27326,3.775,7238.675496688742
07043,13256,2.548,5202.511773940345
07044,14545,2.794,5205.798138869005
07045,10561,6.562,1609.417860408412
07046,4585,2.662,1722.389181066867
07047,61250,5.131,11937.244201909958
07050,34181,2.206,15494.56029011786
07052,48620,12.017,4045.9349255221773
07054,29480,13.831,2131.4438580001447
07055,70002,3.129,22372.003835091084
07057,11889,0.994,11960.764587525151
07058,5946,2.956,2011.5020297699593
07059,16811,19.705,853.133722405481
07060,48363,4.999,9674.534906981396
07062,15399,1.923,8007.80031201248
07063,14235,1.785,7974.789915966387
07064,3481,1.319,2639.120545868082
07065,30109,3.898,7724.217547460235
07066,15622,4.375,3570.7428571428572
07067,18587,4.03,4612.158808933003
07068,6268,3.618,1732.448866777225
07069,6623,6.331,1046.1222555678407
07070,18894,2.781,6793.959007551241
07071,22463,4.584,4900.305410122164
07072,6378,3.948,1615.501519756839
07073,10313,3.711,2779.0353004580975
07074,3126,1.095,2854.7945205479455
07075,10218,1.114,9172.351885098742
07076,24843,8.995,2761.867704280156
07077,3248,1.542,2106.355382619974
07078,14613,7.992,1828.4534534534534
07079,18539,2.851,6502.630655910207
07080,24411,8.221,2969.3467947938207
07081,17171,5.177,3316.7857832721656
07082,5723,6.071,942.6783067040027
07083,58170,8.726,6666.284666513866
07086,17295,0.794,21782.11586901763
07087,66463,1.305,50929.50191570882
07088,2901,0.324,8953.703703703703
07090,31111,6.738,4617.245473434253
07092,7049,3.994,1764.8973460190284
07093,63758,1.186,53758.853288364255
07094,21778,5.8,3754.8275862068967
07095,20756,4.608,4504.340277777778
07102,12358,1.131,10926.613616268789
07103,37293,2.152,17329.46096654275
07104,52266,2.531,20650.335835638085
07105,57093,4.639,12307.178271179133
07106,36383,1.417,25676.07621736062
07107,43293,1.649,26254.093389933292
07108,28790,1.379,20877.447425670776
07109,37984,3.302,11503.331314354937
07110,29980,3.374,8885.595732068761
07111,60867,2.914,20887.783115991762
07112,29456,1.359,21674.7608535688
07114,13670,7.894,1731.6949581960982
07201,28467,6.437,4422.401739940966
07202,44968,2.313,19441.418071768265
07203,22646,2.635,8594.307400379508
07204,14093,1.225,11504.489795918367
07205,22349,2.766,8079.8987707881415
07206,31930,1.777,17968.486212718064
07208,31937,1.792,17821.986607142855
07302,56220,1.433,39232.37962316818
07304,51306,2.055,24966.423357664233
07305,72161,5.7,12659.824561403508
07306,54017,2.987,18084.030800133914
07307,42645,1.905,22385.826771653545
07310,16015,0.611,26211.12929623568
07311,1714,0.054,31740.74074074074
07401,6865,3.091,2220.9640892914913
07403,7685,6.1,1259.8360655737706
07405,17983,19.82,907.3158425832493
07407,21412,2.643,8101.399924328415
07410,35610,5.135,6934.761441090555
07416,5851,12.162,481.0886367373787
07417,11112,9.421,1179.4926228638149
07418,2559,4.611,554.9772283669487
07419,9693,17.058,568.2377769961308
07420,5316,2.405,2210.3950103950106
07421,6977,22.528,309.7034801136364
07422,5280,17.538,301.06055422511116
07423,4270,1.739,2455.434157561817
07424,28085,5.719,4910.823570554292
07430,25491,25.401,1003.5431675918271
07432,7019,1.561,4496.476617552851
07435,2703,12.594,214.6260123868509
07436,12740,8.503,1498.2947195107608
07438,11160,30.041,371.49229386505107
07439,2160,2.204,980.0362976406533
07440,4670,1.548,3016.7958656330748
07442,11047,2.884,3830.4438280166437
07444,10971,5.22,2101.7241379310344
07446,14805,5.499,2692.3076923076924
07450,26308,5.751,4574.508781081551
07452,12154,2.703,4496.485386607474
07456,11657,25.588,455.5651086446772
07457,4112,2.026,2029.6150049358343
07458,11828,10.169,1163.142885239453
07460,3181,28.579,111.30550404142902
07461,18731,82.979,225.7318116631919
07462,7195,17.006,423.08596965776786
07463,10164,2.046,4967.741935483871
07465,5921,8.361,708.1688793206554
07470,54112,23.875,2266.471204188482
07480,14966,33.055,452.76055059748904
07481,17050,6.593,2586.0761413620507
07501,35481,1.8,19711.666666666668
07502,17158,0.859,19974.388824214202
07503,19170,1.546,12399.74126778784
07504,13123,0.832,15772.836538461539
07505,4691,0.245,19146.938775510203
07506,19628,3.318,5915.611814345992
07508,23762,5.031,4723.116676605049
07512,10959,3.96,2767.4242424242425
07513,11576,0.568,20380.281690140848
07514,20647,0.928,22248.9224137931
07522,23040,0.876,26301.369863013697
07524,13808,0.758,18216.35883905013
07601,46057,4.198,10971.176750833729
07603,9360,0.758,12348.284960422163
07604,12115,1.539,7871.994801819364
07605,9379,1.507,6223.623092236231
07606,2770,0.733,3778.9904502046384
07607,10093,1.287,7842.2688422688425
07608,136,1.711,79.48568088836937
07620,1588,6.401,248.0862365255429
07621,28450,2.906,9790.089470061941
07624,8606,3.16,2723.417721518987
07626,9174,2.065,4442.6150121065375
07627,4911,2.072,2370.173745173745
07628,18279,1.949,9378.655720882503
07630,7305,2.231,3274.3164500224116
07631,29638,4.946,5992.317023857663
07632,5362,2.126,2522.107243650047
07640,4954,1.846,2683.640303358613
07641,3363,1.937,1736.189984512132
07642,10144,2.902,3495.52033080634
07643,10996,1.477,7444.82058226134
07644,26082,2.272,11479.753521126762
07645,8901,4.023,2212.5279642058167
07646,16995,2.283,7444.152431011827
07647,5288,2.268,2331.5696649029983
07648,5724,2.785,2055.296229802513
07649,8235,2.411,3415.595188718374
07650,20290,1.239,16376.109765940273
07652,26568,10.445,2543.6093824796553
07656,9406,2.607,3607.978519370924
07657,11498,2.543,4521.431380259536
07660,13235,1.705,7762.463343108504
07661,12091,1.826,6621.57721796276
07662,5869,0.991,5922.300706357215
07663,14419,2.692,5356.240713224368
07666,41876,6.041,6931.964906472438
07670,15319,4.586,3340.383776711731
07675,27349,9.644,2835.8564910825385
07676,9323,2.953,3157.1283440568914
07677,6152,3.376,1822.2748815165878
07701,24376,9.154,2662.8796154686474
07702,4179,2.161,1933.826931975937
07703,0,0.677,0
07704,6170,1.604,3846.6334164588525
07711,1641,0.647,2536.3214837712517
07712,40194,12.228,3287.046123650638
07716,8893,4.407,2017.9260267755842
07717,2030,0.426,4765.258215962442
07718,6658,2.07,3216.425120772947
07719,22138,12.689,1744.660729765939
07720,4158,0.608,6838.815789473684
07721,4277,0.912,4689.69298245614
07722,9990,34.543,289.2047592855282
07723,884,1.643,538.0401704199635
07724,24016,12.125,1980.701030927835
07726,44764,33.081,1353.1634472960309
07727,7787,25.502,305.3486001097953
07728,55984,49.612,1128.436668547932
07730,17534,5.197,3373.8695401192995
07731,40322,31.78,1268.785399622404
07732,4527,3.773,1199.8409753511794
07733,17166,17.773,965.8470714004388
07734,12925,1.698,7611.896348645466
07735,19159,4.855,3946.240988671472
07737,3945,2.624,1503.4298780487804
07738,6939,5.63,1232.5044404973357
07739,6105,2.701,2260.27397260274
07740,32917,5.277,6237.824521508433
07746,18476,12.375,1493.010101010101
07747,32330,12.791,2527.558439527793
07748,28633,13,2202.5384615384614
07750,3207,1.042,3077.735124760077
07751,21109,16.639,1268.645952280786
07753,37297,15.956,2337.490599147656
07755,5613,2.934,1913.087934560327
07756,3092,0.373,8289.544235924934
07757,6195,2.85,2173.684210526316
07758,4076,1.6,2547.5
07760,9692,8.467,1144.6793433329397
07762,8262,2.821,2928.748670684154
07764,8586,2.856,3006.3025210084033
07801,27128,12.952,2094.5027794935145
07803,4048,2.936,1378.7465940054497
07820,0,1.489,0
07821,9662,42.781,225.84792314345154
07822,827,7.378,112.08999728923827
07823,7451,25.075,297.14855433698904
07825,9210,84.932,108.43969293081524
07826,5967,58.249,102.43952685883019
07827,4109,53.098,77.38521224904893
07828,15461,14.167,1091.3390273170044
07830,7379,26.015,283.64405150874495
07831,36,0.122,295.08196721311475
07832,3593,42.054,85.43777048556618
07833,70,0.308,227.27272727272728
07834,18385,11.608,1583.8215024121296
07836,11694,14.472,808.0431177446103
07838,3727,25.899,143.90517008378703
07840,32105,37.331,860.0091077120891
07842,56,0.252,222.22222222222223
07843,11098,3.887,2855.1582197067146
07844,111,0.226,491.1504424778761
07846,45,0.082,548.780487804878
07847,1776,2.423,732.9756500206356
07848,4257,22.916,185.76540408448244
07849,8380,6.741,1243.139000148346
07850,6828,2.783,2453.4674811354653
07851,263,11.441,22.98750109256184
07852,4233,3.614,1171.278361925844
07853,12339,32.526,379.35805201992247
07856,4774,3.433,1390.6204485872415
07857,3728,1.044,3570.8812260536397
07860,26047,100.175,260.01497379585726
07863,3819,19.899,191.91919191919192
07865,2825,16.539,170.80839228490234
07866,22663,23.008,985.0052155771906
07869,26022,20.065,1296.8851233491152
07870,34,0.926,36.7170626349892
07871,21437,38.115,562.429489702217
07874,8752,8.461,1034.3930977425837
07876,9641,5.74,1679.6167247386759
07878,766,0.091,8417.582417582418
07880,173,1.1,157.27272727272725
07881,4,9.248,0.43252595155709345
07882,15115,31.565,478.853160145731
07885,11806,14.686,803.8948658586409
07901,24314,6.333,3839.2546976156636
07920,28753,27.172,1058.1848962166937
07921,7700,18.383,418.8652559429908
07922,12195,5.581,2185.092277369647
07924,7713,11.97,644.3609022556391
07926,161,0.354,454.8022598870057
07927,4882,2.143,2278.114792347177
07928,19974,9.256,2157.951598962835
07930,8648,25.441,339.92374513580444
07931,2985,21.952,135.97849854227405
07932,11977,6.739,1777.266656774002
07933,2995,5.297,565.4143855012271
07934,1293,3.106,416.29104958145524
07935,584,2.609,223.84055193560752
07936,11152,7.875,1416.126984126984
07939,322,0.135,2385.185185185185
07940,17610,4.913,3584.368003256666
07945,9690,19.481,497.4077306093116
07946,2982,4.076,731.5996074582926
07950,21651,9.112,2376.0974539069357
07960,46702,34.616,1349.1449040905939
07961,333,0.17,1958.8235294117646
07970,215,0.265,811.3207547169811
07974,13349,3.969,3363.31569664903
07976,389,3.467,112.20074992789155
07977,917,1.973,464.77445514445003
07979,214,0.886,241.53498871331828
07980,2675,2.366,1130.6001690617074
07981,9030,6.028,1498.009289980093
08001,854,3.323,256.99668973818837
08002,24015,7.209,3331.2526009155226
08003,31809,10.99,2894.3585077343037
08004,11429,25.758,443.70680953490177
08005,26866,53.531,501.87741682389645
08006,500,0.831,601.684717208183
08007,5417,1.344,4030.5059523809523
08008,6837,10.809,632.5284485151263
08009,14346,16.536,867.5616835994193
08010,11861,3.629,3268.3934968310828
08011,56,0.233,240.34334763948496
08012,41812,15.002,2787.095053992801
08014,298,3.616,82.41150442477876
08015,19567,56.237,347.9381901595035
08016,34920,21.628,1614.5737007582763
08019,907,112.49,8.062938927904703
08020,2480,4.552,544.8154657293497
08021,49305,12.965,3802.930967990744
08022,9172,21.251,431.60321867206244
08023,375,0.845,443.7869822485207
08026,2435,2.152,1131.5055762081784
08027,4984,7.487,665.6871911312942
08028,25098,14.503,1730.5385092739434
08029,5459,1.075,5078.139534883721
08030,13217,2.799,4722.043586995355
08031,11737,2.984,3933.3109919571048
08032,242,0.205,1180.4878048780488
08033,17763,3.942,4506.088280060882
08034,20901,5.908,3537.7454299255246
08035,7551,1.576,4791.243654822335
08036,6065,6.439,941.916446653207
08037,23514,122.479,191.98393193935286
08038,351,17.421,20.148097124160497
08039,38,0.54,70.37037037037037
08041,650,11.415,56.94261936049059
08042,131,0.855,153.21637426900585
08043,31191,11.471,2719.11777525935
08045,3200,1.395,2293.9068100358422
08046,31981,7.598,4209.133982627007
08048,12882,12.127,1062.257771913911
08049,5282,1.226,4308.319738988581
08050,28053,30.899,907.8934593352535
08051,12474,3.847,3242.5266441382896
08052,20127,3.83,5255.0913838120105
08053,48179,29.156,1652.4557552476335
08054,46026,21.725,2118.573072497123
08055,29109,39.973,728.2165461686639
08056,5434,9.103,596.9460617378886
08057,21529,15.301,1407.0322201163322
08059,5805,1.229,4723.352318958502
08060,25835,21.65,1193.3025404157045
08061,4508,1.326,3399.6983408748115
08062,17935,32.18,557.3337476693598
08063,3051,1.03,2962.135922330097
08064,17,2.68,6.343283582089552
08065,7485,1.849,4048.1341265548945
08066,7760,6.852,1132.5160537069469
08067,1711,19.053,89.8021308980213
08068,6613,23.301,283.8075619072143
08069,13413,15.937,841.6264039656146
08070,12511,20.698,604.4545366702097
08071,9461,3.315,2853.9969834087483
08072,164,0.355,461.9718309859155
08073,20,0.087,229.8850574712644
08074,160,0.556,287.76978417266184
08075,30615,9.878,3099.311601538773
08077,20613,8.104,2543.558736426456
08078,8051,1.923,4186.6874674987
08079,10762,88.683,121.35358524181635
08080,38159,29.237,1305.1612682559771
08081,50264,25.245,1991.0477322242027
08083,9606,2.507,3831.671320303151
08084,7018,1.57,4470.0636942675155
08085,22340,44.5,502.02247191011236
08086,9001,7.005,1284.939329050678
08087,25342,70.061,361.7133640684546
08088,24215,150.514,160.88204419522435
08089,4231,16.135,262.22497675859927
08090,9815,2.922,3359.0006844626964
08091,5963,3.33,1790.6906906906906
08092,3119,22.904,136.177086971708
08093,9438,4.047,2332.0978502594517
08094,41595,54.771,759.4347373610123
08095,0,1.406,0
08096,35336,13.89,2543.9884809215264
08097,3062,1.316,2326.7477203647413
08098,9680,57.853,167.32062295818713
08102,8292,0.995,8333.668341708542
08103,12573,2.139,5877.980364656382
08104,22148,2.997,7390.056723390057
08105,26483,2.594,10209.329221279877
08106,9731,1.627,5980.946527350952
08107,13574,1.791,7579.006141820212
08108,18654,2.692,6929.420505200594
08109,24022,4.822,4981.750311074243
08110,19158,6.469,2961.508733961972
08201,10412,5.774,1803.2559750606165
08202,1612,6.906,233.42021430640025
08203,7674,6.573,1167.5034230944773
08204,16573,20.459,810.0591426755951
08205,28877,42.089,686.0937537123714
08210,17143,68.547,250.0911783156083
08212,138,0.295,467.79661016949154
08215,13545,124.079,109.16432272987372
08217,44,0.023,1913.0434782608695
08221,6992,4.701,1487.3431184854287
08223,4048,12.954,312.490350470897
08224,223,1.448,154.00552486187846
08225,8456,6.052,1397.224058162591
08226,11261,6.758,1666.3213968629773
08230,5700,19.523,291.96332530861037
08232,19887,5.866,3390.214797136038
08234,47339,60.675,780.2060156571899
08240,2648,2.198,1204.7315741583259
08241,1076,7.462,144.19726614848565
08242,4141,4.76,869.9579831932773
08243,2000,2.199,909.5043201455208
08244,10659,4.923,2165.1432053625836
08245,23,0.048,479.16666666666663
08246,57,0.324,175.92592592592592
08247,965,5.228,184.58301453710789
08248,266,0.526,505.7034220532319
08251,10503,7.033,1493.3883122422862
08260,12959,15.944,812.7822378324134
08270,8362,102.946,81.22705107532104
08302,47279,142.622,331.4986467725876
08310,968,12.233,79.13022153192185
08311,1746,27.91,62.55822285919025
08312,8556,5.508,1553.3769063180828
08314,454,12.194,37.23142529112678
08316,137,8.275,16.555891238670693
08317,1246,7.359,169.3164832178285
08318,11961,80.417,148.73720730691272
08319,1205,15.048,80.07708665603403
08320,1021,0.422,2419.4312796208533
08321,133,8.843,15.040144747257719
08322,10202,29.109,350.4757978632038
08323,731,17.772,41.13211793832996
08324,210,9.195,22.838499184339312
08326,1435,3.184,450.69095477386935
08327,3408,9.584,355.59265442404006
08328,1476,1.904,775.2100840336135
08329,159,0.495,321.2121212121212
08330,29972,127.381,235.2941176470588
08332,35228,104.514,337.06489082802307
08340,725,27.799,26.080074822835353
08341,2101,1.003,2094.7158524426723
08343,4729,32.255,146.61292822818166
08344,5564,23.761,234.16522873616432
08345,825,28.525,28.921998247151624
08346,283,2.439,116.03116031160312
08348,154,1.832,84.06113537117903
08349,2441,34.539,70.67373114450331
08350,639,3.244,196.9790382244143
08352,112,0.273,410.2564102564102
08353,228,1.203,189.52618453865335
08360,45038,44.349,1015.5358632663646
08361,18206,30.325,600.3627370156637
08401,38925,10.676,3646.028475084301
08402,5234,1.419,3688.5130373502466
08403,1046,2.107,496.44043663977214
08406,8972,1.975,4542.784810126582
08501,6364,27.208,233.90179359012058
08502,11849,13.232,895.4806529625151
08505,19142,22.488,851.2095339736749
08510,5386,17.739,303.62478155476634
08511,976,2.386,409.05280804694047
08512,12928,22.805,566.8932251699189
08514,4917,27.347,179.80034373057373
08515,8373,21.17,395.5125177137458
08518,6508,1.919,3391.3496612819176
08520,29504,18.038,1635.6580552167645
08525,4522,22.392,201.94712397284746
08527,58991,85.423,690.5751378434379
08528,321,0.945,339.6825396825397
08530,8119,27.114,299.4394039979346
08533,7563,54.921,137.7068880755995
08534,13272,21.788,609.1426473288049
08535,4999,18.71,267.1833244254409
08536,20817,7.532,2763.807753584705
08540,50388,51.717,974.302453738616
08542,2533,0.386,6562.176165803108
08544,4392,0.166,26457.831325301202
08550,21067,19.134,1101.0243545521062
08551,5873,26.214,224.04058899824523
08553,819,0.61,1342.6229508196723
08554,3527,1.192,2958.8926174496646
08555,996,1.94,513.4020618556701
08558,7648,15.589,490.60234780935275
08559,4836,39.835,121.40077821011673
08560,3245,13.324,243.5454818372861
08561,325,1.138,285.5887521968366
08562,4201,16.716,251.3161043311797
08608,1250,0.316,3955.6962025316457
08609,15938,1.316,12110.94224924012
08610,33465,7.439,4498.588519962361
08611,31995,2.978,10743.787777031564
08618,35634,5.92,6019.256756756757
08619,24089,9.979,2413.96933560477
08620,11621,9.008,1290.075488454707
08628,9831,7.703,1276.2560041542256
08629,13013,0.791,16451.327433628318
08638,22816,5.427,4204.164363368343
08640,7984,18.518,431.14807214602007
08641,4400,5.086,865.1199370821863
08648,31323,16.689,1876.8650008987956
08690,18841,7.031,2679.7041672592804
08691,16607,24.232,685.3334433806536
08701,139149,24.736,5625.36384217335
08720,735,2.638,278.620166793025
08721,22783,23.75,959.2842105263157
08722,11088,2.763,4013.0293159609123
08723,32141,11.96,2687.374581939799
08724,42345,13.805,3067.366896052155
08730,4956,1.756,2822.3234624145784
08731,21629,78.124,276.8547437407199
08732,1558,0.54,2885.185185185185
08733,2816,12.301,228.92447768474108
08734,7879,5.12,1538.8671875
08735,3451,1.736,1987.9032258064517
08736,13223,4.715,2804.453870625663
08738,1381,0.975,1416.4102564102564
08740,1599,0.45,3553.333333333333
08741,2709,0.943,2872.746553552492
08742,25732,5.611,4585.991801817858
08750,3483,1.9,1833.157894736842
08751,4185,1.31,3194.656488549618
08752,2338,4.767,490.45521292217325
08753,65448,23.053,2839.023120635058
08755,29670,16.01,1853.2167395377887
08757,36087,17.783,2029.2976438171286
08758,7868,18.066,435.51422561718147
08759,34237,61.34,558.1512879034888
08801,7267,15.02,483.8215712383489
08802,4552,24.493,185.84901808680033
08804,3465,14.066,246.3386890373951
08805,14066,2.943,4779.476724430853
08807,39560,25.483,1552.407487344504
08809,6703,6.925,967.942238267148
08810,7952,5.516,1441.6243654822335
08812,14224,5.078,2801.102796376526
08816,49360,20.235,2439.3377810723996
08817,49020,10.615,4617.9934055581725
08820,39978,10.431,3832.614322691976
08821,283,0.238,1189.0756302521008
08822,32556,64.733,502.9274095129223
08823,8884,3.452,2573.580533024334
08824,13366,4.336,3082.564575645756
08825,4735,28.963,163.48444567206434
08826,5459,21.356,255.61902978085783
08827,4346,18.097,240.15030115488753
08828,2459,0.828,2969.8067632850243
08829,3580,2.41,1485.4771784232364
08830,19551,3.162,6183.111954459203
08831,55658,51.301,1084.9301183212801
08832,2252,2.173,1036.3552692130695
08833,9184,34.868,263.39336927842146
08835,10921,2.253,4847.314691522414
08836,3855,4.497,857.238158772515
08837,19437,9.138,2127.0518713066317
08840,18206,3.208,5675.187032418952
08844,44463,55.168,805.9563515081206
08846,14645,3.488,4198.681192660551
08848,8134,32.713,248.647326750833
08850,8538,2.305,3704.12147505423
08852,18062,13.329,1355.090404381424
08853,5634,11.386,494.8181977867557
08854,61088,18.928,3227.3879966187656
08857,40891,24.049,1700.320179633249
08858,20,2.632,7.598784194528875
08859,25448,4.756,5350.714886459209
08861,59351,5.099,11639.733281035496
08863,12771,1.712,7459.696261682243
08865,31427,41.472,757.788387345679
08867,5204,28.328,183.70516803162948
08869,8368,1.992,4200.803212851406
08872,20204,9.521,2122.0460035710535
08873,56327,32.133,1752.9331217128806
08876,23380,15.999,1461.3413338333646
08879,23556,7.082,3326.1790454673824
08880,4867,0.646,7534.05572755418
08882,16124,2.8,5758.571428571429
08884,8187,2.31,3544.155844155844
08886,6435,15.46,416.23544631306595
08887,1380,0.811,1701.6029593094943
08889,10193,23.057,442.0783276228478
08890,17,0.175,97.14285714285715
08901,57263,6.267,9137.226743258338
08902,43932,13.17,3335.7630979498863
08904,15121,1.821,8303.679297089511
