ZIP,MHI,Minority,popdensity,EVs.per.1k.People,Public transportation,area_status
New Jersey,103556,0.4602109268286627,NA,NA,0.08123203575793908,NA
07001,101670,0.6899129723731091,4586.3916421109025,18.46,0.07299750098645272,Gap
07002,83887,0.5342333654773386,12287.995878413189,17.47,0.1991767400063774,Gap
07003,103663,0.5738781127373491,10109.231058469637,20.68,0.1163685453931826,Non-Gap
07004,115980,0.17753067484662577,772.6644282046218,48.95,0.05035971223021583,Gap
07005,132629,0.2437446919709937,836.0369217324812,39.46,0.01332662811164194,Gap
07006,149102,0.2592856606888272,2852.830996467944,35.83,0.05218079746653231,Gap
07008,97021,0.7899396693567343,5805.321810325221,17.98,0.06854575163398693,Gap
07009,151625,0.22312523088289615,3185.4554012708877,44.03,0.1038515515359426,Gap
07010,93452,0.5426088980256778,26967.573221757324,30.84,0.2040672663277278,NA
07011,74194,0.6152590250602534,12395.438483777707,14.75,0.07917888563049853,NA
07012,101737,0.3955503992356514,6681.71454628363,27.84,0.1546048062230865,Gap
07013,116273,0.41767550550128196,6958.220415537488,24.18,0.07662884100471758,Gap
07014,119545,0.455678391959799,3466.8989547038327,35.38,0.08237476808905381,Gap
07016,155972,0.14692199052920163,5073.551106427819,30.24,0.1127801429833722,Gap
07017,58853,0.9653141041310194,18085.76480990274,6.99,0.1843152426218636,NA
07018,62564,0.977561886322777,17403.128760529482,8.64,0.2304292029088835,Non-Gap
07020,124050,0.5972626871739277,15199.794026776519,58.27,0.2299364556366204,Non-Gap
07021,250001,0.23845828038966543,1676.846590909091,60.14,0.04545454545454546,NA
07022,63606,0.5767931651102722,17889.810426540284,14.64,0.1678614905992155,Non-Gap
07023,195529,0.2636235414796769,5820.149253731343,35,0.1017645636934977,Non-Gap
07024,107396,0.6111333200079951,15926.780740151215,48.67,0.2019574335870747,Non-Gap
07026,79700,0.4956532349083367,15529.606821411651,14.86,0.05697919807054568,Gap
07027,110670,0.3392016376663255,7515.384615384615,22.11,0.07787934186471664,NA
07028,247361,0.25130890052356025,6128.342245989305,59.34,0.2224084939927354,Gap
07029,88333,0.698023265984431,17401.826484018264,22.61,0.2789007494889848,Non-Gap
07030,180579,0.3156064634894662,46971.97758206565,16.82,0.3656329750212667,Non-Gap
07031,94201,0.3946297308790474,6626.811594202899,17.44,0.1196690748077371,NA
07032,79154,0.6351996848377407,4592.265943012212,14.8,0.1264800861141012,Non-Gap
07033,118611,0.4292346149267944,3912.9017233348864,22.38,0.04007588332938108,Non-Gap
07034,104663,0.49301143583227447,8675.590551181102,27.23,0.0305306905370844,NA
07035,123234,0.2739208633093525,1670.1712225893662,26.71,0.03763536303923309,Gap
07036,91882,0.640515863458212,4201.950501426074,13.73,0.06365979381443299,Gap
07039,229806,0.45900025406504064,2286.3781585826314,92.04,0.1194886511870597,Non-Gap
07040,173500,0.477726154687073,6611.5126484254,47.09,0.1982300884955752,Non-Gap
07041,202750,0.502655337227828,5612.518628912071,72.23,0.2386915410171224,Gap
07042,122847,0.49319329576227766,7238.675496688742,42.23,0.1359412873687046,Non-Gap
07043,250001,0.25037718768859385,5202.511773940345,70.01,0.16563179136914,Gap
07044,161843,0.1540735647989,5205.798138869005,36.71,0.09564606741573034,Non-Gap
07045,185078,0.37108228387463305,1609.417860408412,65.71,0.07419416364676712,Gap
07046,250001,0.22093784078516898,1722.389181066867,91.6,0.0581135449262405,Gap
07047,78911,0.7347265306122449,11937.244201909958,16.52,0.2147201352977526,Non-Gap
07050,52563,0.915040519586905,15494.56029011786,7.43,0.1861324041811847,Non-Gap
07052,129475,0.568593171534348,4045.9349255221773,36.65,0.1252971003010616,Non-Gap
07054,104214,0.5776119402985075,2131.4438580001447,53.87,0.03440094899169632,Non-Gap
07055,55371,0.8228336333247621,22372.003835091084,7.19,0.1194055405266582,Non-Gap
07057,85862,0.26991336529565146,11960.764587525151,17.92,0.0546984572230014,NA
07058,127805,0.4147325933400605,2011.5020297699593,57.69,0.002299605781865966,Non-Gap
07059,212479,0.33055737314853373,853.133722405481,85.72,0.03040161543639219,Gap
07060,78602,0.8695076814920497,9674.534906981396,10.34,0.03683640303358613,Non-Gap
07062,98344,0.8752516397168647,8007.80031201248,12.47,0.06677504064024009,Gap
07063,93304,0.8875307341060766,7974.789915966387,10.12,0.073,NA
07064,133854,0.5811548405630567,2639.120545868082,20.68,0.09513395297977037,NA
07065,91461,0.6508352984157562,7724.217547460235,16.27,0.08333902122721998,Non-Gap
07066,133504,0.18320317500960182,3570.7428571428572,25.35,0.02782172995780591,Non-Gap
07067,122713,0.4160972722870824,4612.158808933003,34.59,0.03655890648730744,NA
07068,164458,0.27425015954052334,1732.448866777225,49.94,0.07087552114353782,Non-Gap
07069,171705,0.2655896119583271,1046.1222555678407,76.25,0.07682813946312866,Gap
07070,143153,0.35852651635439825,6793.959007551241,35.94,0.1721665684541347,Non-Gap
07071,111711,0.3598806926946534,4900.305410122164,22.79,0.09057798891528107,Gap
07072,115444,0.38930699278770775,1615.501519756839,26.34,0.07606519874177867,NA
07073,97993,0.45728691942208866,2779.0353004580975,24.34,0.09538674991328477,Non-Gap
07074,90260,0.4763275751759437,2854.7945205479455,28.79,0.02233902759526938,Gap
07075,136108,0.4879624192601292,9172.351885098742,47.86,0.1629536471433705,Non-Gap
07076,183655,0.3765245743267721,2761.867704280156,45,0.0789169555885752,Gap
07077,108948,0.49938423645320196,2106.355382619974,16.32,0.1217732884399551,Gap
07078,250001,0.4822418394580168,1828.4534534534534,120.3,0.2112152312955526,Gap
07079,195417,0.3751011381412158,6502.630655910207,52.16,0.2206061951815255,Non-Gap
07080,130205,0.4941215026012863,2969.3467947938207,32.44,0.02087885409079874,Gap
07081,155906,0.35152291654533807,3316.7857832721656,37.68,0.0522581934452438,Non-Gap
07082,205023,0.24200594094006644,942.6783067040027,58.01,0.06311018131101813,Gap
07083,121887,0.7071514526388172,6666.284666513866,22.3,0.08503282692124711,Non-Gap
07086,127763,0.5318300086730269,21782.11586901763,33.94,0.3471942972034363,Non-Gap
07087,64310,0.8065991604351292,50929.50191570882,8.91,0.3677501189154907,Non-Gap
07088,93240,0.9238193726301276,8953.703703703703,21.72,0.101593625498008,Non-Gap
07090,232629,0.22426151521969717,4617.245473434253,55.06,0.1179622891167714,Gap
07092,211538,0.2603206128528869,1764.8973460190284,53.34,0.08050465605286873,Gap
07093,73174,0.7812039273502933,53758.853288364255,14.74,0.3421004621746533,Non-Gap
07094,139821,0.6254936174120672,3754.8275862068967,46.38,0.1942793142069441,Non-Gap
07095,104926,0.5726055116592793,4504.340277777778,26.88,0.07753164556962025,Non-Gap
07102,38864,0.8334681987376598,10926.613616268789,13.11,0.2867924528301887,Non-Gap
07103,51534,0.9371463813584319,17329.46096654275,5.01,0.2201763668430335,Non-Gap
07104,53978,0.8360310718248957,20650.335835638085,6.33,0.1813989589991782,Non-Gap
07105,59847,0.6943232970766994,12307.178271179133,7.65,0.1122403395130668,Gap
07106,53440,0.9692438776351593,25676.07621736062,4.48,0.2177254098360656,NA
07107,51242,0.9090153142540365,26254.093389933292,4,0.2051465726250827,NA
07108,36200,0.976276484890587,20877.447425670776,4.83,0.2238615127372873,NA
07109,90438,0.6656223673125525,11503.331314354937,15.09,0.08173577828714315,Gap
07110,119646,0.3694129419613076,8885.595732068761,26.08,0.09067256406920775,Gap
07111,61609,0.9738281827591305,20887.783115991762,4.09,0.1614104022334815,Non-Gap
07112,58200,0.9744024986420423,21674.7608535688,6.14,0.2345493392419087,Gap
07114,36019,0.8519385515727871,1731.6949581960982,40.6,0.2126909518213866,Non-Gap
07201,60080,0.7727895457898619,4422.401739940966,8.47,0.09572045543776993,Non-Gap
07202,71250,0.8309686888454012,19441.418071768265,7.23,0.1147095407011563,NA
07203,92762,0.8597103241190497,8594.307400379508,13.16,0.1009657594381036,Gap
07204,109679,0.567090044703044,11504.489795918367,20.79,0.05900221988550064,Non-Gap
07205,99528,0.8212000536936777,8079.8987707881415,14.54,0.127792749717465,Non-Gap
07206,68420,0.8825869088631381,17968.486212718064,8.21,0.1322926408172074,NA
07208,65511,0.6847543601465385,17821.986607142855,11.3,0.09644605505753703,Non-Gap
07302,175077,0.5776591960156527,39232.37962316818,29.58,0.4269446755407654,Non-Gap
07304,70986,0.8027521147624059,24966.423357664233,11.69,0.3689077326872602,Non-Gap
07305,76527,0.861822868308366,12659.824561403508,12.17,0.2476688153201076,Non-Gap
07306,74953,0.7344724808856471,18084.030800133914,15.94,0.3979521924482339,Non-Gap
07307,83297,0.668143979364521,22385.826771653545,17.31,0.2999213836477987,Non-Gap
07310,183464,0.7306899781454885,26211.12929623568,30.85,0.4568269568269568,Non-Gap
07311,202679,0.7397899649941657,31740.74074074074,38.51,0.5109439124487004,Non-Gap
07401,160162,0.2664238892935178,2220.9640892914913,56.23,0.1022805805114029,NA
07403,128010,0.2646714378659727,1259.8360655737706,21.08,0.007062834875791525,NA
07405,135169,0.20675082021909585,907.3158425832493,40.09,0.04667216154955697,Gap
07407,101740,0.47258546609377916,8101.399924328415,19.99,0.06891100158095415,NA
07410,144574,0.32948609941027807,6934.761441090555,38.44,0.0958864593549876,Gap
07416,93983,0.24149717996923603,481.0886367373787,11.79,0.008273381294964029,NA
07417,236023,0.28248740100791936,1179.4926228638149,74.96,0.06603392568659128,Gap
07418,156439,0.08831574833919498,554.9772283669487,16.41,0,NA
07419,100713,0.24956153925513258,568.2377769961308,20.84,0.007380809894274885,Gap
07420,109278,0.39070729872084276,2210.3950103950106,18.62,0.003500175008750437,NA
07421,129800,0.1633940088863408,309.7034801136364,18.06,0.03412698412698412,Gap
07422,108722,0.12424242424242427,301.06055422511116,17.99,0.01462765957446809,NA
07423,250001,0.25480093676814985,2455.434157561817,63.93,0.1277227722772277,NA
07424,105050,0.337689157913477,4910.823570554292,26.31,0.03819591261451727,Gap
07430,131327,0.24161468753677773,1003.5431675918271,45.23,0.03460287970274036,Non-Gap
07432,146841,0.14004843994871063,4496.476617552851,19.66,0.03900200745626613,NA
07435,145342,0.07806141324454308,214.6260123868509,22.94,0.02596537949400799,Gap
07436,161971,0.18492935635792773,1498.2947195107608,35.16,0.02198768689533861,Gap
07438,123271,0.19910394265232978,371.49229386505107,18.37,0.01805792163543441,NA
07439,105551,0.21898148148148144,980.0362976406533,13.89,0,NA
07440,147188,0.20192719486081367,3016.7958656330748,20.77,0.01372628179249092,NA
07442,124454,0.2310129446908663,3830.4438280166437,25.62,0.03465346534653466,Gap
07444,117959,0.12451007200802111,2101.7241379310344,22.61,0.05433829973707274,Gap
07446,160996,0.2918608578183046,2692.3076923076924,37.15,0.06525759577278732,Non-Gap
07450,208211,0.3316101566063555,4574.508781081551,64.05,0.1203833567087424,Non-Gap
07452,215096,0.24008556853710716,4496.485386607474,58.91,0.170334585793523,Non-Gap
07456,152414,0.17251436904864026,455.5651086446772,28.91,0.01585347083269201,NA
07457,102950,0.15175097276264593,2029.6150049358343,23.59,0.03650586701434159,Gap
07458,244022,0.24712546499830912,1163.142885239453,99.85,0.0675314765356734,Gap
07460,145081,0.14995284501729012,111.30550404142902,11.32,0.01445086705202312,NA
07461,106981,0.15412951791148366,225.7318116631919,15.27,0.007610993657505285,Gap
07462,95945,0.15079916608756083,423.08596965776786,13.62,0.01178781925343811,NA
07463,177962,0.20582447855175123,4967.741935483871,27.94,0.06730591923289692,Gap
07465,115159,0.18273940212801887,708.1688793206554,21.28,0.02856193955496513,NA
07470,153056,0.2668354523950325,2266.471204188482,40.97,0.04361324659964518,Gap
07480,132676,0.20626753975678203,452.76055059748904,18.11,0.01523046092184369,NA
07481,203988,0.1539589442815249,2586.0761413620507,49.09,0.07387760382973217,NA
07501,44300,0.9211972605056227,19711.666666666668,4.59,0.06500173430454388,NA
07502,76790,0.8627462408206085,19974.388824214202,9.73,0.06121883656509695,NA
07503,60443,0.6580073030777256,12399.74126778784,8.56,0.05762754147436697,NA
07504,76659,0.9747771088927837,15772.836538461539,6.02,0.1064659977703456,NA
07505,36326,0.9072692389682371,19146.938775510203,12.15,0.1577840112201964,NA
07506,110237,0.3162828612186672,5915.611814345992,21.14,0.02030751378009864,Gap
07508,95806,0.5564767275481862,4723.116676605049,20.71,0.04234890698671238,NA
07512,113563,0.41910758280865046,2767.4242424242425,33.12,0.01942307692307692,Non-Gap
07513,68630,0.9109364201796821,20380.281690140848,6.48,0.08205226748654881,NA
07514,70205,0.9251707269821281,22248.9224137931,5.13,0.06985557717914576,NA
07522,48058,0.9203559027777778,26301.369863013697,3.73,0.06504613999549853,NA
07524,49103,0.9687862108922364,18216.35883905013,4.49,0.08919532204573224,Non-Gap
07601,84277,0.6941832946131967,10971.176750833729,24.62,0.1172638436482085,Non-Gap
07603,103299,0.6001068376068376,12348.284960422163,25.85,0.07543520309477757,Non-Gap
07604,123734,0.3186132893107718,7871.994801819364,29.63,0.1048601343959994,Non-Gap
07605,129219,0.6629704659345346,6223.623092236231,49.58,0.1300101729399797,Gap
07606,84527,0.6281588447653429,3778.9904502046384,17.69,0.04872727272727273,Non-Gap
07607,117912,0.4937085108491034,7842.2688422688425,29.53,0.09648768671780379,NA
07608,24904,0.4779411764705882,79.48568088836937,29.41,0,NA
07620,246944,0.40491183879093195,248.0862365255429,152.39,0.03481894150417827,NA
07621,130045,0.6225659050966608,9790.089470061941,30.76,0.09812108559498957,Non-Gap
07624,190469,0.5004647920055775,2723.417721518987,90.75,0.05977496483825598,NA
07626,170376,0.4088729016786571,4442.6150121065375,81.21,0.06190158093965709,NA
07627,208036,0.28059458358786393,2370.173745173745,111.79,0.0671046457062412,Gap
07628,126071,0.48416215329066137,9378.655720882503,25.77,0.06602059357964869,Gap
07630,155536,0.2941820670773443,3274.3164500224116,34.36,0.06033267550042289,NA
07631,102571,0.6781496727174573,5992.317023857663,40.62,0.1191443992803358,Non-Gap
07632,230611,0.5628496829541216,2522.107243650047,113.39,0.07091391733029959,Gap
07640,180500,0.3021800565199838,2683.640303358613,67.02,0.1053299492385787,NA
07641,236765,0.368421052631579,1736.189984512132,87.72,0.06304619225967541,NA
07642,186688,0.19686514195583593,3495.52033080634,35.29,0.06368051807879115,Gap
07643,85750,0.5866678792288105,7444.82058226134,27.74,0.1448818897637795,Non-Gap
07644,89305,0.5113871635610766,11479.753521126762,16.41,0.06547489281302231,Non-Gap
07645,178269,0.28064262442422194,2212.5279642058167,59.88,0.05282738095238095,Non-Gap
07646,114889,0.48943807002059425,7444.152431011827,32.07,0.07526753864447087,NA
07647,128542,0.4928139183055976,2331.5696649029983,44.82,0.08428805237315876,Gap
07648,178311,0.4311670160726765,2055.296229802513,65.69,0.04418363824646186,Gap
07649,221322,0.23764420157862776,3415.595188718374,50.39,0.07524800387127994,Gap
07650,94743,0.7750616067028093,16376.109765940273,45.39,0.140832436311446,Gap
07652,144349,0.44579945799458,2543.6093824796553,63.84,0.07866843325604504,Non-Gap
07656,171029,0.20189240910057416,3607.978519370924,33.81,0.02921884317233155,Non-Gap
07657,118059,0.5998434510349626,4521.431380259536,33.31,0.1521809895833333,Non-Gap
07660,100718,0.6013600302228939,7762.463343108504,22.36,0.1193534420551306,NA
07661,159028,0.4526507319493839,6621.57721796276,50.2,0.1214366242551135,NA
07662,110380,0.36360538422218436,5922.300706357215,26.58,0.0561309722686268,Non-Gap
07663,129073,0.3120882169359872,5356.240713224368,25.8,0.07990226023213196,Non-Gap
07666,144075,0.5901471009647531,6931.964906472438,36.97,0.1524819322936478,Non-Gap
07670,208200,0.47131013773745023,3340.383776711731,95.89,0.1179742388758782,Gap
07675,183154,0.38246370982485645,2835.8564910825385,49.62,0.08095270874922558,Gap
07676,180133,0.16786442132360824,3157.1283440568914,34.86,0.04328621908127209,NA
07677,213981,0.25633940182054615,1822.2748815165878,244.96,0.07129385137683893,Non-Gap
07701,112143,0.22710863144076143,2662.8796154686474,23.96,0.05361586607344846,Non-Gap
07702,178958,0.1464465183058148,1933.826931975937,36.61,0.1282051282051282,Non-Gap
07703,NA,NA,0,0,NA,NA
07704,250001,0.06564019448946512,3846.6334164588525,50.41,0.1808896210873147,NA
07711,112404,0.2864107251675807,2536.3214837712517,97.5,0.1466113416320885,NA
07712,96725,0.4137931034482759,3287.046123650638,27.27,0.03400608238871993,Gap
07716,126591,0.11076127291127857,2017.9260267755842,32.39,0.1184668989547038,Gap
07717,122635,0.0399014778325123,4765.258215962442,24.14,0.06919431279620854,NA
07718,131531,0.1482427155301892,3216.425120772947,14.42,0.05631399317406143,Gap
07719,119828,0.12530490559219443,1744.660729765939,26.47,0.01234567901234568,Gap
07720,97005,0.1748436748436748,6838.815789473684,26.7,0.04303122619954303,NA
07721,123060,0.6174888940846388,4689.69298245614,34.84,0.0907488986784141,NA
07722,198994,0.1299299299299299,289.2047592855282,62.86,0.04214634146341464,Gap
07723,160000,0.24321266968325794,538.0401704199635,323.53,0.06301369863013699,NA
07724,102756,0.3310709526982012,1980.701030927835,30.31,0.03019134253450439,Gap
07726,149197,0.2073094450898043,1353.1634472960309,49.08,0.0751862088349651,Gap
07727,129931,0.18325414151791453,305.3486001097953,39.42,0.03463563313937379,Gap
07728,114072,0.26541511860531586,1128.436668547932,30.62,0.02775231880338747,Gap
07730,125338,0.18278772670240673,3373.8695401192995,18.19,0.04289299566506959,Gap
07731,134056,0.26734784980903725,1268.785399622404,21.97,0.02069695802849442,Gap
07732,91875,0.17958913187541414,1199.8409753511794,29.6,0.08270676691729323,Gap
07733,166849,0.27012699522311545,965.8470714004388,67.34,0.1262398557258792,Gap
07734,82029,0.2931528046421663,7611.896348645466,11.91,0.05992051360440232,NA
07735,97536,0.286758181533483,3946.240988671472,19.21,0.0402970297029703,Non-Gap
07737,139318,0.10950570342205324,1503.4298780487804,16.98,0.1201171875,NA
07738,189000,0.17091799971177402,1232.5044404973357,40.21,0.08083529808016167,Gap
07739,240853,0.0229320229320229,2260.27397260274,44.39,0.09836065573770492,NA
07740,79870,0.4356411580642221,6237.824521508433,26.89,0.0421213861765269,Non-Gap
07746,207689,0.26591253518077507,1493.010101010101,69.5,0.09856897538637664,NA
07747,124383,0.31410454686050104,2527.558439527793,28.21,0.0810667296005664,Gap
07748,152981,0.16812768483917162,2202.5384615384614,27.31,0.07597664395940498,Gap
07750,150188,0.11506080449017775,3077.735124760077,48.96,0.08348567946374162,NA
07751,181205,0.39556587237671137,1268.645952280786,71.34,0.0878861930528888,Gap
07753,95712,0.4685363434056359,2337.490599147656,18.18,0.01544653540737518,Gap
07755,134338,0.23320862283983612,1913.087934560327,103.51,0.009458948164964056,Non-Gap
07756,89286,0.06985769728331181,8289.544235924934,22.64,0.070892978868439,Non-Gap
07757,126094,0.08393866020984664,2173.684210526316,36.32,0.08887256702166728,NA
07758,115298,0.21933267909715404,2547.5,26.25,0.08918784255107125,NA
07760,226635,0.07903425505571604,1144.6793433329397,63.97,0.1293736501079914,NA
07762,116295,0.07734204793028321,2928.748670684154,28.32,0.04747626186906546,NA
07764,114271,0.20172373631493123,3006.3025210084033,59.75,0.01656472986748216,Gap
07801,84517,0.717856089649071,2094.5027794935145,11.1,0.01415001637733377,Gap
07803,119583,0.5081521739130435,1378.7465940054497,14.08,0.01525423728813559,NA
07820,NA,NA,0,NA,NA,Gap
07821,141860,0.13268474435934585,225.84792314345154,23.6,0.00209723546234509,NA
07822,114545,0.21039903264812576,112.08999728923827,30.23,0,Gap
07823,85522,0.083747148033821,297.14855433698904,8.32,0.01620879120879121,NA
07825,123785,0.13094462540716612,108.43969293081524,17.48,6.509004122369278e-4,NA
07826,116598,0.13943355119825707,102.43952685883019,12.07,0,NA
07827,101444,0.13531272815770257,77.38521224904893,11.68,0.02302077484559236,NA
07828,103320,0.36815212470086023,1091.3390273170044,26.78,0.009120594527643284,Gap
07830,180852,0.16411437864209244,283.64405150874495,34.15,0.009411132024737832,NA
07831,NA,0,295.08196721311475,27.78,NA,NA
07832,106424,0.10436960757027558,85.43777048556618,11.69,0.003026634382566586,Gap
07833,NA,0.12857142857142856,227.27272727272728,14.29,0,NA
07834,156902,0.24237149850421535,1583.8215024121296,40.69,0.02900107411385607,Gap
07836,151915,0.2939969214982042,808.0431177446103,31.38,0.01703313719417776,NA
07838,121599,0.07861550845183796,143.90517008378703,13.95,0.01429230059935454,NA
07840,105866,0.2900482790842548,860.0091077120891,22.02,0.01907455322221554,Gap
07842,NA,0,222.22222222222223,17.86,0,NA
07843,108651,0.29482789691836364,2855.1582197067146,19.28,0.01665902491211982,Gap
07844,80221,0.3423423423423423,491.1504424778761,54.05,0.09574468085106383,Non-Gap
07846,99792,0.1333333333333333,548.780487804878,NA,0,NA
07847,85327,0.23761261261261257,732.9756500206356,28.15,0,NA
07848,128317,0.14540756401221522,185.76540408448244,15.97,0.002826189354686764,Gap
07849,117298,0.22279236276849645,1243.139000148346,28.64,0.03110910730387737,Gap
07850,106806,0.3633567662565905,2453.4674811354653,18.16,0.08757364756293519,Gap
07851,108419,0.16349809885931554,22.98750109256184,7.6,0,NA
07852,119539,0.28183321521379634,1171.278361925844,31.89,0.0107981220657277,NA
07853,175792,0.16184455790582708,379.35805201992247,32.34,0.001799738219895288,NA
07856,92466,0.21973188102220365,1390.6204485872415,23.25,0.007001166861143524,Gap
07857,85898,0.3513948497854077,3570.8812260536397,13.95,0,Non-Gap
07860,110045,0.15222482435597184,260.01497379585726,15.82,0.01048234552332913,Gap
07863,94167,0.12202147158942134,191.91919191919192,10.47,0.01796988829528897,NA
07865,108056,0.2191150442477876,170.80839228490234,24.42,0,NA
07866,131403,0.22561002515112738,985.0052155771906,29.43,0.01031706089582285,Gap
07869,169497,0.33083544692952116,1296.8851233491152,41.43,0.01734685975373654,Gap
07870,NA,0,36.7170626349892,29.41,0,NA
07871,167654,0.17082614171759103,562.429489702217,36.11,0.01016057334663885,Gap
07874,132500,0.21138025594149912,1034.3930977425837,16.45,0.006037000973709835,Gap
07876,161304,0.21180375479722025,1679.6167247386759,20.12,0.01099537037037037,NA
07878,116445,0.15796344647519578,8417.582417582418,37.86,0,NA
07880,NA,0,157.27272727272725,11.56,0,NA
07881,NA,0,0.43252595155709345,NA,NA,NA
07882,107567,0.2515382070790605,478.853160145731,16.21,0.03238261302777432,Gap
07885,100716,0.3733694731492462,803.8948658586409,24.48,0.0185934922777028,Gap
07901,179701,0.31599078720078966,3839.2546976156636,54.87,0.1679401856872895,Gap
07920,192857,0.3443466768685006,1058.1848962166937,67.58,0.045204776906733093,Gap
07921,123104,0.2762337662337663,418.8652559429908,35.97,0.01284109149277689,Gap
07922,202944,0.3024190241902419,2185.092277369647,58.71,0.1189481017067224,Non-Gap
07924,236042,0.13704135874497603,644.3609022556391,52.77,0.03851963746223565,Gap
07926,250001,0.5900621118012421,454.8022598870057,142.86,0,NA
07927,170400,0.29250307251126584,2278.114792347177,30.93,0.0115801270078446,Gap
07928,220982,0.2312506258135576,2157.951598962835,60.13,0.1414960026284087,Gap
07930,240954,0.08707215541165592,339.92374513580444,51.23,0.004378496716127463,NA
07931,201078,0.11122278056951429,135.97849854227405,80.4,0.02662929222144359,NA
07932,156458,0.30909242715204144,1777.266656774002,49.76,0.05856540084388186,Non-Gap
07933,NA,0.13388981636060104,565.4143855012271,46.74,0,NA
07934,245429,0.139984532095901,416.29104958145524,56.46,0.01598837209302326,NA
07935,106979,0.09931506849315064,223.84055193560752,58.22,0,NA
07936,149583,0.27376255380200865,1416.126984126984,54.97,0.01969178082191781,Gap
07939,NA,0.3354037267080745,2385.185185185185,3.11,NA,NA
07940,172708,0.2554798409994321,3584.368003256666,42.48,0.07740879326473339,Non-Gap
07945,250001,0.18699690402476776,497.4077306093116,57.28,0.04492992580379225,Gap
07946,208587,0.1777330650570087,731.5996074582926,46.95,0.04070175438596491,NA
07950,153762,0.3728234261696919,2376.0974539069357,46.05,0.03279397767586744,Gap
07960,160334,0.3230268510984541,1349.1449040905939,41.07,0.03894707498705746,Gap
07961,NA,0.5225225225225225,1958.8235294117646,9.01,0,NA
07970,250001,0.06511627906976747,811.3207547169811,9.3,0,NA
07974,172894,0.29245636377256723,3363.31569664903,46.3,0.09934771700953336,Non-Gap
07976,247697,0.12596401028277637,112.20074992789155,231.36,0.1412429378531073,NA
07977,150875,0.19411123227917126,464.77445514445003,52.34,0,NA
07979,NA,0.08411214953271029,241.53498871331828,84.11,0.04142011834319527,Non-Gap
07980,162955,0.1753271028037383,1130.6001690617074,28.79,0.03300561797752809,NA
07981,149893,0.3067552602436323,1498.009289980093,43.96,0.01297071129707113,Non-Gap
08001,134583,0.10070257611241218,256.99668973818837,12.88,0,NA
08002,100951,0.3618988132417239,3331.2526009155226,60.71,0.03755009583551142,Non-Gap
08003,155059,0.29560816121223554,2894.3585077343037,48.23,0.0436961830098959,Gap
08004,111738,0.26047773208504676,443.70680953490177,11.72,0.002793296089385475,Gap
08005,93584,0.12867564951983923,501.87741682389645,17.2,0.003267692836873334,Gap
08006,125417,0.18600000000000005,601.684717208183,56,0.1,NA
08007,99565,0.11925419974155438,4030.5059523809523,14.21,0.00899400399733511,NA
08008,120054,0.0757642240748867,632.5284485151263,42.12,0.01631442343344457,Gap
08009,101184,0.33584274362191546,867.5616835994193,19.94,0.02722005120603692,NA
08010,88037,0.4711238512772954,3268.3934968310828,11.72,0.04333786539768865,Gap
08011,NA,0,240.34334763948496,NA,0,NA
08012,95451,0.29070601741126945,2787.095053992801,13.27,0.02967520130281372,Gap
08014,NA,0,82.41150442477876,36.91,0,NA
08015,80889,0.3801298103950529,347.9381901595035,8.02,0,NA
08016,98463,0.5502290950744559,1614.5737007582763,19.85,0.03475789703792764,Non-Gap
08019,172500,0.2690187431091511,8.062938927904703,13.23,0,NA
08020,134490,0.1459677419354839,544.8154657293497,32.26,0.008888888888888889,NA
08021,68044,0.5526011560693642,3802.930967990744,8.84,0.03310479126942269,NA
08022,117679,0.29644570431748796,431.60321867206244,34.02,0.03862104717470192,NA
08023,65944,0,443.7869822485207,2.67,0,NA
08026,100313,0.20616016427104722,1131.5055762081784,19.71,0.04849660523763336,NA
08027,92128,0.1749598715890851,665.6871911312942,7.83,0.02122854561878952,NA
08028,89130,0.3623396286556698,1730.5385092739434,12.87,0.02452572209878653,Gap
08029,98184,0.16083531782377725,5078.139534883721,13.92,0.0170975813177648,Gap
08030,63384,0.3224634939850193,4722.043586995355,6.96,0.008846487424111016,Gap
08031,76654,0.2899378035273068,3933.3109919571048,11.16,0.01026016855991206,Non-Gap
08032,198274,0.03305785123966942,1180.4878048780488,20.66,0.02116402116402116,NA
08033,151181,0.11968698981027981,4506.088280060882,43.4,0.08833314213605599,NA
08034,114012,0.32500837280512895,3537.7454299255246,24.59,0.04580651180147402,Gap
08035,131528,0.09045159581512385,4791.243654822335,23.57,0.0440818314661471,NA
08036,142899,0.3292662819455895,941.916446653207,33.31,0.03724569640062598,Non-Gap
08037,81312,0.23790082504040144,191.98393193935286,13.1,0.006314839873703203,Gap
08038,90179,0.08262108262108259,20.148097124160497,2.85,0,Gap
08039,NA,0,70.37037037037037,NA,0,NA
08041,99688,0.18461538461538463,56.94261936049059,24.62,0,NA
08042,170912,0,153.21637426900585,7.63,0,NA
08043,105473,0.3560321887724023,2719.11777525935,40.49,0.03351358568662795,Gap
08045,71607,0.9346875,2293.9068100358422,15,0.1194331983805668,Gap
08046,98178,0.8895906944748444,4209.133982627007,12.91,0.03574569669556477,Gap
08048,113440,0.3111318118304611,1062.257771913911,25.54,0.01248366961823196,Gap
08049,103191,0.35497917455509276,4308.319738988581,10.03,0.0281021897810219,Gap
08050,115676,0.1217695077175347,907.8934593352535,20,0.002112973658261727,Gap
08051,92071,0.13235529902196563,3242.5266441382896,10.34,0.02052370842179759,Gap
08052,79087,0.3423262284493467,5255.0913838120105,13.46,0.02271209084836339,Non-Gap
08053,118670,0.1967247140870504,1652.4557552476335,28.39,0.0190380373795612,Gap
08054,118802,0.336635814539608,2118.573072497123,34.42,0.01554824985496036,Gap
08055,155710,0.11020646535435774,728.2165461686639,35.49,0.03518368449486764,Gap
08056,171389,0.1273463378726537,596.9460617378886,32.76,0.02136752136752137,NA
08057,158770,0.25663059129546195,1407.0322201163322,56.85,0.01428999700209853,Gap
08059,89375,0.19310938845822567,4723.352318958502,11.2,0.03815830968148849,NA
08060,109292,0.506599574221018,1193.3025404157045,21.87,0.02006374040272345,Gap
08061,150658,0.20674356699201424,3399.6983408748115,21.96,0,NA
08062,157009,0.16158349595762478,557.3337476693598,31.34,0.004459691252144083,Gap
08063,83074,0.12258275975090138,2962.135922330097,10.49,0.04739652870493992,NA
08064,NA,1,6.343283582089552,294.12,NA,NA
08065,89574,0.3671342685370741,4048.1341265548945,11.22,0.0357914965169349,Non-Gap
08066,65070,0.5634020618556701,1132.5160537069469,6.57,0.006451612903225806,Gap
08067,111912,0.17533606078316777,89.8021308980213,24.55,0,Gap
08068,83194,0.4754271888704068,283.8075619072143,11.79,0.004387445156935539,NA
08069,71942,0.47923656154477,841.6264039656146,7.23,0.005973931933381607,Gap
08070,75697,0.13460155063544077,604.4545366702097,8.39,0,Gap
08071,100085,0.08572032554698239,2853.9969834087483,16.28,0.008433026083545793,Non-Gap
08072,68203,0.012195121951219523,461.9718309859155,6.1,0,NA
08073,NA,0,229.8850574712644,150,NA,NA
08074,NA,0,287.76978417266184,6.25,NA,NA
08075,94407,0.3177853993140617,3099.311601538773,14.21,0.0171442718326422,Gap
08077,128271,0.19710862077329838,2543.558736426456,20.86,0.01992648481331012,Gap
08078,86741,0.2681654452862998,4186.6874674987,8.94,0.03392685274302214,Gap
08079,54641,0.4048503995539863,121.35358524181635,6.23,0.02277432712215321,Gap
08080,122262,0.17248879687622842,1305.1612682559771,22.96,0.004528891202498699,Gap
08081,105800,0.5337020531593188,1991.0477322242027,19.06,0.03095042454122158,Gap
08083,96653,0.38694565896314803,3831.671320303151,15.2,0.02433537832310839,Gap
08084,98427,0.2691650042747221,4470.0636942675155,10.54,0.05151267375306623,Non-Gap
08085,134762,0.25107430617726056,502.02247191011236,28.38,0.008372093023255815,Gap
08086,97413,0.15431618709032324,1284.939329050678,14.89,0.01083262531860663,Gap
08087,91677,0.14485833793702152,361.7133640684546,14.05,0.01036312386005638,Gap
08088,110000,0.12409663431757179,160.88204419522435,17.1,0.004845492777473029,Gap
08089,115117,0.2736941621366107,262.22497675859927,9.45,0.03343877089923181,NA
08090,115701,0.20947529291900158,3359.0006844626964,15.28,0.01591566763125258,NA
08091,75238,0.3018614791212477,1790.6906906906906,18.45,0.01477005706612957,NA
08092,110509,0.08239820455274127,136.177086971708,20.52,0.009673518742442563,Gap
08093,64104,0.314897223988133,2332.0978502594517,10.07,0.03353722843282008,Gap
08094,96699,0.2666907080177906,759.4347373610123,16.68,0.009826949810651455,Gap
08095,NA,NA,0,0,NA,NA
08096,89013,0.3493887253792166,2543.9884809215264,14.69,0.01906519065190652,Gap
08097,119042,0.10287393860222072,2326.7477203647413,15.35,0.02146464646464646,NA
08098,110913,0.23037190082644632,167.32062295818713,12.19,0.004946996466431096,Gap
08102,33852,0.845031355523396,8333.668341708542,7.24,0.120162932790224,Non-Gap
08103,36793,0.933428775948461,5877.980364656382,6.2,0.1761846901579587,NA
08104,38170,0.9632472458009753,7390.056723390057,1.99,0.1204078781952787,Gap
08105,45974,0.9348261148661405,10209.329221279877,3.55,0.08222958057395144,Gap
08106,111002,0.0888911725413627,5980.946527350952,15.72,0.05630885122410546,NA
08107,80833,0.3688669515249742,7579.006141820212,15.32,0.1019362186788155,NA
08108,108151,0.15106679532539935,6929.420505200594,26.48,0.073474592897783,Non-Gap
08109,90242,0.6024061277162601,4981.750311074243,14.49,0.01706783369803063,Gap
08110,83729,0.8246163482618227,2961.508733961972,11.8,0.02598844957796535,Gap
08201,71321,0.3230887437572032,1803.2559750606165,12.2,0.01541232986389111,Gap
08202,146071,0.04590570719602982,233.42021430640025,45.91,0.001628664495114007,Gap
08203,97250,0.147511076361741,1167.5034230944773,18.89,0.03726377428799574,Gap
08204,82466,0.1019730887588246,810.0591426755951,13.15,0.004366812227074236,Gap
08205,93370,0.35367247290230974,686.0937537123714,15.13,0.004407934281707073,Gap
08210,90013,0.18252347897100862,250.0911783156083,14.41,0.01438382791240119,Gap
08212,86125,0.1811594202898551,467.79661016949154,79.71,0,NA
08215,80893,0.3264673311184939,109.16432272987372,11.96,0.0505166475315729,Gap
08217,NA,0,1913.0434782608695,NA,0,Non-Gap
08221,156354,0.16533180778032042,1487.3431184854287,33.9,0.006982392228293868,Gap
08223,107131,0.12697628458498023,312.490350470897,18.77,0,NA
08224,96250,0.36322869955156956,154.00552486187846,8.97,0,NA
08225,111599,0.2125118259224219,1397.224058162591,19.63,0.01039783001808318,NA
08226,101782,0.1515851167747092,1666.3213968629773,24.24,0.00412492634060106,Gap
08230,115152,0.06456140350877193,291.96332530861037,14.91,0,Gap
08232,53899,0.8844974103685825,3390.214797136038,5.73,0.08852535096878988,NA
08234,98217,0.4461226472887049,780.2060156571899,20.49,0.00829472755349658,Gap
08240,NA,0.42938066465256797,1204.7315741583259,1.13,0.08595641646489104,Gap
08241,123438,0.08178438661710041,144.19726614848565,31.6,0,NA
08242,93250,0.3615068823955566,869.9579831932773,7.49,0.004694835680751174,NA
08243,108359,0.035499999999999976,909.5043201455208,28.5,0.01470588235294118,NA
08244,70255,0.2979641617412515,2165.1432053625836,11.82,0.01519699812382739,Gap
08245,NA,0,479.16666666666663,43.48,NA,NA
08246,NA,0,175.92592592592592,52.63,NA,NA
08247,167917,0.040414507772020714,184.58301453710789,29.02,0.01994301994301994,Gap
08248,108953,0,505.7034220532319,26.32,0,NA
08251,83637,0.09035513662763017,1493.3883122422862,7.71,0.005854066485469371,NA
08260,79699,0.1837333127556139,812.7822378324134,15.05,0.01742222222222222,Gap
08270,99592,0.21238938053097345,81.22705107532104,8.01,0.01479067435447481,Gap
08302,65516,0.6704033503246685,331.4986467725876,4.86,0.0137524557956778,Gap
08310,42442,0.29855371900826444,79.13022153192185,16.53,0.002463054187192118,NA
08311,86324,0.27835051546391754,62.55822285919025,4.01,0,NA
08312,89294,0.3564749883122955,1553.3769063180828,11.1,0.02155936207914944,Gap
08314,88077,0,37.23142529112678,6.61,0,NA
08316,79306,0,16.555891238670693,29.2,0,NA
08317,106696,0.2263242375601926,169.3164832178285,4.82,0,NA
08318,92558,0.17607223476297973,148.73720730691272,9.61,0.001850481125092524,Gap
08319,100278,0.05062240663900419,80.07708665603403,14.94,0,NA
08320,NA,0.45347698334965725,2419.4312796208533,1.96,NA,NA
08321,105074,0,15.040144747257719,15.04,0,NA
08322,121686,0.24877475004900995,350.4757978632038,13.33,0.002265861027190333,NA
08323,83125,0.15458276333789334,41.13211793832996,16.42,0.007092198581560284,NA
08324,89950,0,22.838499184339312,14.29,0,NA
08326,79583,0.2829268292682927,450.69095477386935,5.57,0,NA
08327,61528,0.6440727699530516,355.59265442404006,0.29,0,NA
08328,101583,0.09485094850948506,775.2100840336135,10.16,0,Gap
08329,65694,0,321.2121212121212,37.74,0,NA
08330,77167,0.4119177899372748,235.2941176470588,16.35,0.0036857700368577,Gap
08332,67496,0.37467355512660383,337.06489082802307,7.18,0.01814962372731297,Gap
08340,62750,0,26.080074822835353,9.66,0,NA
08341,68830,0.5540218943360304,2094.7158524426723,5.71,0,NA
08343,141842,0.11080566716007612,146.61292822818166,14.8,0.005725190839694656,NA
08344,85938,0.19841840402588062,234.16522873616432,13.48,3.818251240931653e-4,NA
08345,67250,0.16606060606060602,28.921998247151624,1.21,0,NA
08346,80381,0.7067137809187278,116.03116031160312,24.73,0,NA
08348,NA,0,84.06113537117903,12.99,0,NA
08349,64861,0.27980335927898403,70.67373114450331,2.87,0,NA
08350,158271,0.40532081377151796,196.9790382244143,10.95,0,Gap
08352,64688,0.6071428571428572,410.2564102564102,62.5,0,NA
08353,70625,0.0964912280701754,189.52618453865335,8.77,0,NA
08360,65359,0.614902970824637,1015.5358632663646,6.66,0.01721170395869191,Gap
08361,99050,0.3165989234318357,600.3627370156637,15.05,0.01099744245524297,NA
08401,41126,0.8035452793834297,3646.028475084301,4.88,0.2032562683165093,Non-Gap
08402,121800,0.07451280091708068,3688.5130373502466,46.24,0.009012539184952978,NA
08403,110625,0.09847036328871894,496.44043663977214,51.63,0.00554016620498615,NA
08406,69099,0.25534997770842627,4542.784810126582,20.84,0.1128697457187338,Non-Gap
08501,146182,0.09789440603394095,233.90179359012058,33.47,0.02166193181818182,NA
08502,227242,0.6084901679466622,895.4806529625151,94.35,0.03528850739151168,Gap
08505,112845,0.29840142095914746,851.2095339736749,25.49,0.01469572936187001,Gap
08510,225966,0.38284441143705905,303.62478155476634,41.77,0.01979522184300341,Gap
08511,80952,0.30327868852459017,409.05280804694047,7.17,0,NA
08512,118587,0.5502784653465346,566.8932251699189,60.72,0.04465660609793656,Gap
08514,134038,0.12222900142363224,179.80034373057373,34.37,0,NA
08515,208836,0.43317807237549266,395.5125177137458,54.82,0.03124312431243124,NA
08518,97045,0.4045789797172711,3391.3496612819176,21.82,0.006382978723404255,NA
08520,118010,0.4957293926247288,1635.6580552167645,36.94,0.01411328948208698,Gap
08525,165324,0.1855373728438744,201.94712397284746,61.7,0.01018973998594519,Gap
08527,115487,0.21796545235713927,690.5751378434379,28.85,0.008005796051439957,Gap
08528,NA,0.05919003115264798,339.6825396825397,40.5,0,Non-Gap
08530,120467,0.2037196699100875,299.4394039979346,32.27,0.01585144927536232,Gap
08533,113583,0.11979373264577553,137.7068880755995,16.53,0,NA
08534,175573,0.255877034358047,609.1426473288049,68.57,0.03184808612440192,Gap
08535,209732,0.17123424684936983,267.1833244254409,55.61,0.008823529411764706,NA
08536,137607,0.7351683720036509,2763.807753584705,65.62,0.0443912812333865,Non-Gap
08540,176983,0.493014209732476,974.302453738616,84.58,0.0736788418533485,Gap
08542,105524,0.45874457165416505,6562.176165803108,58.43,0.02625298329355609,Non-Gap
08544,NA,0.4845173041894353,26457.831325301202,1.37,0.05175388154111558,NA
08550,224213,0.6579484501827503,1101.0243545521062,93.42,0.138532196082107,Gap
08551,162617,0.10386514558147453,224.04058899824523,36.61,0.005646173149309913,NA
08553,148056,0.1709401709401709,1342.6229508196723,42.74,0.01318681318681319,NA
08554,89242,0.3166997448256309,2958.8926174496646,10.49,0.01541850220264317,NA
08555,110000,0.2620481927710844,513.4020618556701,31.12,0,NA
08558,236016,0.40585774058577406,490.60234780935275,108.26,0.08146920740127037,Gap
08559,179600,0.11083540115798185,121.40077821011673,33.29,0.03578450648839953,Gap
08560,128516,0.16209553158705703,243.5454818372861,84.13,0.007105943152454781,Gap
08561,NA,0.27076923076923076,285.5887521968366,46.15,0.06993006993006994,NA
08562,103493,0.2616043799095453,251.3161043311797,17.38,0,NA
08608,61201,0.9224,3955.6962025316457,8.8,0.03074141048824593,NA
08609,68238,0.9260885932990337,12110.94224924012,2.45,0.05158912943344081,Non-Gap
08610,83906,0.5502465262214253,4498.588519962361,8.37,0.02315608919382504,NA
08611,56788,0.8032505078918581,10743.787777031564,2.63,0.03664275244927872,Non-Gap
08618,50390,0.7737834652298368,6019.256756756757,7.04,0.05791202513567552,Gap
08619,105946,0.3210178919838931,2413.96933560477,19.64,0.02456031610753855,Gap
08620,105368,0.24558988038895102,1290.075488454707,20.05,0.009523809523809525,Gap
08628,108158,0.3705625063574407,1276.2560041542256,26.96,0.03732276897414512,Non-Gap
08629,82646,0.8477676169983862,16451.327433628318,3.69,0.01650752548956142,NA
08638,66875,0.6864919354838709,4204.164363368343,10.43,0.07711816644749202,Gap
08640,92303,0.39529058116232463,431.14807214602007,4.13,0,Gap
08641,74071,0.3411363636363637,865.1199370821863,17.5,0,Gap
08648,125514,0.4219583053985889,1876.8650008987956,39.84,0.047966825524540443,Gap
08690,127339,0.18841887373281674,2679.7041672592804,22.08,0.01588824909362337,Gap
08691,132520,0.38766785090624434,685.3334433806536,62.93,0.04656346749226006,Gap
08701,64959,0.14696476438925177,5625.36384217335,26.84,0.01541451466908045,Gap
08720,224671,0.108843537414966,278.620166793025,55.78,0,NA
08721,105273,0.1890005706008866,959.2842105263157,18.65,0.01150142653352354,NA
08722,106858,0.18795093795093798,4013.0293159609123,16.05,0.01055545942204534,NA
08723,108643,0.17756137021250118,2687.374581939799,17.83,0.01628932666862688,Gap
08724,103127,0.20984767977329077,3067.366896052155,15.35,0.007987220447284345,Gap
08730,172250,0.07546408393866022,2822.3234624145784,33.29,0.01365461847389558,NA
08731,98582,0.11281150307457577,276.8547437407199,17.66,0.005965553738092947,Gap
08732,110000,0.06290115532734275,2885.185185185185,29.53,0.005449591280653951,NA
08733,85750,0.3210227272727273,228.92447768474108,9.59,0.006344171292624901,Gap
08734,116000,0.050133265642848035,1538.8671875,15.48,2.547770700636942e-4,NA
08735,76974,0.11330049261083741,1987.9032258064517,31.59,0.01476510067114094,NA
08736,174097,0.07562580352416248,2804.453870625663,27.45,0.02490190159975853,NA
08738,250001,0.08472121650977549,1416.4102564102564,49.24,0.04695652173913043,NA
08740,69397,0.11006879299562222,3553.333333333333,16.26,0,NA
08741,143094,0.07050572166851232,2872.746553552492,24.73,0.0045336787564766844,NA
08742,123152,0.11615886833514688,4585.991801817858,21.26,0.01944693469415902,Non-Gap
08750,134167,0.1091013494114269,1833.157894736842,42.49,0.01736526946107785,Gap
08751,77448,0.1352449223416965,3194.656488549618,15.77,0.0133495145631068,Non-Gap
08752,78750,0.06244653550042767,490.45521292217325,21.81,0.02085402184707051,NA
08753,105224,0.20257303508128588,2839.023120635058,18.95,0.004407892790580717,Gap
08755,87575,0.2591169531513313,1853.2167395377887,37.31,1.654670306941342e-4,Gap
08757,58319,0.23396236872003773,2029.2976438171286,12.11,0.008937045238848466,Gap
08758,96900,0.06952211489578042,435.51422561718147,17.41,0.01262367792562265,Gap
08759,52178,0.12869118205450247,558.1512879034888,12.73,0.0059375,Gap
08801,149839,0.23902573276455208,483.8215712383489,34.68,0.01239794375566979,Gap
08802,135689,0.08963093145869949,185.84901808680033,24.38,0,NA
08804,107333,0.2828282828282829,246.3386890373951,15.01,0.005832793259883344,NA
08805,93341,0.5961893928622208,4779.476724430853,16.07,0.0214059531348955,Non-Gap
08807,168696,0.4411274014155713,1552.407487344504,48.28,0.03527122354658234,Gap
08809,131250,0.2731612710726541,967.942238267148,27.9,0.004036326942482341,Non-Gap
08810,151902,0.6863682092555332,1441.6243654822335,79.73,0.04935370152761457,Non-Gap
08812,118316,0.4914229471316085,2801.102796376526,37.47,0.03959115021348169,NA
08816,143586,0.5178079416531605,2439.3377810723996,54.76,0.07068921989396618,Non-Gap
08817,110808,0.69265605875153,4617.9934055581725,31.68,0.06593541521712439,Non-Gap
08820,171363,0.8304067236980339,3832.614322691976,84.05,0.1220358289323807,Gap
08821,155833,0.0742049469964664,1189.0756302521008,31.8,0,NA
08822,137788,0.2315087848630053,502.9274095129223,34.8,0.01268796992481203,Gap
08823,115597,0.8090950022512382,2573.580533024334,48.96,0.06701461377870564,Non-Gap
08824,174776,0.5845428699685771,3082.564575645756,74.14,0.06321094312455004,Gap
08825,101774,0.16219640971488913,163.48444567206434,23.02,0.003196164602477028,NA
08826,123750,0.1569884594248031,255.61902978085783,22.17,0.01229364243062873,NA
08827,135625,0.16014726184997696,240.15030115488753,29.91,0.03682719546742209,NA
08828,98952,0.3082553883692558,2969.8067632850243,19.11,0.003041825095057034,NA
08829,112467,0.2673184357541899,1485.4771784232364,24.02,0.0292781423523473,NA
08830,109500,0.7458442023425912,6183.111954459203,43.68,0.1237176856791137,Non-Gap
08831,109042,0.3619425778863775,1084.9301183212801,71.4,0.05025339636301691,Gap
08832,NA,0.7255772646536411,1036.3552692130695,12.43,0.1968973747016707,Non-Gap
08833,172454,0.126088850174216,263.39336927842146,43.34,0.02632714717306862,Gap
08835,93333,0.37936086438970795,4847.314691522414,12.18,0.008217770929635337,NA
08836,229726,0.3699092088197147,857.238158772515,58.11,0.03739376770538243,NA
08837,102605,0.6837474918968978,2127.0518713066317,33.39,0.05017230893979323,Gap
08840,146635,0.4427661210589915,5675.187032418952,40.04,0.144089350879133,Gap
08844,153556,0.3894698963182871,805.9563515081206,52.18,0.01220111365869636,Gap
08846,105000,0.4104472516217139,4198.681192660551,18.5,0.01838091513492374,Gap
08848,138614,0.09245143840668801,248.647326750833,19.3,0,NA
08850,141601,0.24806746310611383,3704.12147505423,30.57,0.03626074198281283,NA
08852,133209,0.7244491196988152,1355.090404381424,86.2,0.03599048185603807,Gap
08853,220725,0.36031238906638263,494.8181977867557,37.45,0.00817686250757117,Gap
08854,127806,0.677187008905186,3227.3879966187656,37.65,0.02127590673575129,Non-Gap
08857,109312,0.34115086449340926,1700.320179633249,37.64,0.07453190329031086,Gap
08858,NA,0,7.598784194528875,1400,NA,NA
08859,99882,0.5139500157183274,5350.714886459209,24.4,0.05907006167958247,NA
08861,64491,0.7906522215295446,11639.733281035496,6.94,0.02763866400572354,Gap
08863,115861,0.5550074387283689,7459.696261682243,24.12,0.05301672640382318,NA
08865,79949,0.3008877716613103,757.788387345679,9.8,0.01818633231953324,Gap
08867,204583,0.14584934665641813,183.70516803162948,40.16,0.04266572637517631,NA
08869,107672,0.5039435946462715,4200.803212851406,27.37,0.006629376424280091,Non-Gap
08872,97489,0.5311324490199961,2122.0460035710535,25.98,0.05303392259913999,NA
08873,124972,0.7022209597528716,1752.9331217128806,39.22,0.04839524467046105,Gap
08876,122884,0.33939264328485885,1461.3413338333646,33.23,0.01972357116174822,Gap
08879,92786,0.4058838512480897,3326.1790454673824,21.69,0.0755193003111597,Gap
08880,112961,0.5806451612903226,7534.05572755418,24.04,0.06799398948159278,NA
08882,96147,0.43202679235921604,5758.571428571429,17.12,0.02964694304342478,Gap
08884,104702,0.22083791376572615,3544.155844155844,20.76,0.02257336343115124,NA
08886,161168,0.303962703962704,416.23544631306595,25.17,0.009620826259196379,Gap
08887,109333,0.4384057971014492,1701.6029593094943,13.04,0,NA
08889,157781,0.1951339154321593,442.0783276228478,35.42,0.009251471825063078,Gap
08890,NA,1,97.14285714285715,58.82,0,NA
08901,65810,0.6965405235492377,9137.226743258338,7.18,0.04529152955965542,Non-Gap
08902,121071,0.7245060548119822,3335.7630979498863,35.9,0.05522427910288359,Non-Gap
08904,104694,0.42880761854374716,8303.679297089511,31.28,0.0777255531353892,Non-Gap
